nohup: ignoring input
=> will save everything to checkpoints/bct1s01c05_batchmod_womasknet/08-06-14-18
=> setting default radar parameters for known datasets
{'cart_resolution': 0.25, 'cart_pixels': 512, 'rangeResolutionsInMeter': 0.175, 'angleResolutionInRad': 0.015708, 'radar_format': 'polar'}
=> fetching scenes in '../../data/radiate'
12 samples found in 1 train scenes
12 samples found in 1 valid scenes
Epoch size:  3
Validation size:  3
=> creating loss object
=> creating model
=> setting adam solver










[K  0% (0 of 200) |                        | Elapsed Time: 0:00:00 ETA:  --:--:--

[K  0% (0 of 3) |                          | Elapsed Time: 0:00:00 ETA:  --:--:--

[K 33% (1 of 3) |########                  | Elapsed Time: 0:00:02 ETA:   0:00:04

[K 66% (2 of 3) |#################         | Elapsed Time: 0:00:02 ETA:   0:00:01

[K100% (3 of 3) |##########################| Elapsed Time: 0:00:03 ETA:  00:00:00

[K * Avg Loss : 23.559
[K  0% (0 of 3) |                          | Elapsed Time: 0:00:00 ETA:  --:--:--

[K 33% (1 of 3) |########                  | Elapsed Time: 0:00:00 ETA:   0:00:01

[Kvalid: Time 0.746 (0.746) Loss 8.9721 7.8374 0.0000 0.0000 0.8824 0.2522 0.2511 0.0001 0.0010 0.0000 (8.9721 7.8374 0.0000 0.0000 0.8824 0.2522 0.2511 0.0001 0.0010 0.0000)
[K 66% (2 of 3) |#################         | Elapsed Time: 0:00:00 ETA:   0:00:00

[K100% (3 of 3) |##########################| Elapsed Time: 0:00:01 ETA:  00:00:00

[K100% (3 of 3) |##########################| Elapsed Time: 0:00:01 ETA:  00:00:00

[K * Avg total_loss : 8.933, rec_loss : 7.853, geometry_consistency_loss : 0.000, fft_loss : 0.000, ssim_loss : 0.884, vo_loss : 0.197, vo_photo_loss : 0.196, vo_smooth_loss : 0.000, vo_geometry_loss : 0.001, vo_ssim_loss : 0.000
[K * Avg Loss : 8.933
[K  0% (1 of 200) |                        | Elapsed Time: 0:00:05 ETA:   0:19:40

[K  0% (0 of 3) |                          | Elapsed Time: 0:00:00 ETA:  --:--:--

[K 33% (1 of 3) |########                  | Elapsed Time: 0:00:01 ETA:   0:00:02

[K 66% (2 of 3) |#################         | Elapsed Time: 0:00:01 ETA:   0:00:00

[K100% (3 of 3) |##########################| Elapsed Time: 0:00:02 ETA:  00:00:00

[K * Avg Loss : 23.387
[K  0% (0 of 3) |                          | Elapsed Time: 0:00:00 ETA:  --:--:--

[K 33% (1 of 3) |########                  | Elapsed Time: 0:00:01 ETA:   0:00:02

[Kvalid: Time 1.063 (1.063) Loss 8.9806 7.8457 0.0000 0.0000 0.8833 0.2516 0.2502 0.0001 0.0012 0.0000 (8.9806 7.8457 0.0000 0.0000 0.8833 0.2516 0.2502 0.0001 0.0012 0.0000)
[K 66% (2 of 3) |#################         | Elapsed Time: 0:00:01 ETA:   0:00:00

[K100% (3 of 3) |##########################| Elapsed Time: 0:00:01 ETA:  00:00:00

[K100% (3 of 3) |##########################| Elapsed Time: 0:00:01 ETA:  00:00:00

[K * Avg total_loss : 8.957, rec_loss : 7.876, geometry_consistency_loss : 0.000, fft_loss : 0.000, ssim_loss : 0.887, vo_loss : 0.195, vo_photo_loss : 0.193, vo_smooth_loss : 0.000, vo_geometry_loss : 0.001, vo_ssim_loss : 0.000
[K * Avg Loss : 8.957
[K  1% (2 of 200) |                        | Elapsed Time: 0:00:10 ETA:   0:17:08

[K  0% (0 of 3) |                          | Elapsed Time: 0:00:00 ETA:  --:--:--

[K 33% (1 of 3) |########                  | Elapsed Time: 0:00:01 ETA:   0:00:02

[K 66% (2 of 3) |#################         | Elapsed Time: 0:00:01 ETA:   0:00:00

[K100% (3 of 3) |##########################| Elapsed Time: 0:00:02 ETA:  00:00:00

[K * Avg Loss : 23.028
[K  0% (0 of 3) |                          | Elapsed Time: 0:00:00 ETA:  --:--:--

[K 33% (1 of 3) |########                  | Elapsed Time: 0:00:00 ETA:   0:00:01

[Kvalid: Time 0.629 (0.629) Loss 8.9794 7.8460 0.0000 0.0000 0.8833 0.2501 0.2481 0.0002 0.0019 0.0000 (8.9794 7.8460 0.0000 0.0000 0.8833 0.2501 0.2481 0.0002 0.0019 0.0000)
[K 66% (2 of 3) |#################         | Elapsed Time: 0:00:01 ETA:   0:00:00

[K100% (3 of 3) |##########################| Elapsed Time: 0:00:01 ETA:  00:00:00

[K100% (3 of 3) |##########################| Elapsed Time: 0:00:01 ETA:  00:00:00

[K * Avg total_loss : 8.971, rec_loss : 7.891, geometry_consistency_loss : 0.000, fft_loss : 0.000, ssim_loss : 0.888, vo_loss : 0.192, vo_photo_loss : 0.190, vo_smooth_loss : 0.000, vo_geometry_loss : 0.002, vo_ssim_loss : 0.000
[K * Avg Loss : 8.971
[K  1% (3 of 200) |                        | Elapsed Time: 0:00:14 ETA:   0:16:09

[K  0% (0 of 3) |                          | Elapsed Time: 0:00:00 ETA:  --:--:--

[K 33% (1 of 3) |########                  | Elapsed Time: 0:00:01 ETA:   0:00:02

[K 66% (2 of 3) |#################         | Elapsed Time: 0:00:01 ETA:   0:00:00

[K100% (3 of 3) |##########################| Elapsed Time: 0:00:02 ETA:  00:00:00

[K * Avg Loss : 23.203
[K  0% (0 of 3) |                          | Elapsed Time: 0:00:00 ETA:  --:--:--

[K 33% (1 of 3) |########                  | Elapsed Time: 0:00:00 ETA:   0:00:01

[Kvalid: Time 0.695 (0.695) Loss 8.9754 7.8439 0.0000 0.0000 0.8830 0.2485 0.2456 0.0002 0.0027 0.0000 (8.9754 7.8439 0.0000 0.0000 0.8830 0.2485 0.2456 0.0002 0.0027 0.0000)
[K 66% (2 of 3) |#################         | Elapsed Time: 0:00:00 ETA:   0:00:00

[K100% (3 of 3) |##########################| Elapsed Time: 0:00:01 ETA:  00:00:00

[K100% (3 of 3) |##########################| Elapsed Time: 0:00:01 ETA:  00:00:00

[K * Avg total_loss : 8.975, rec_loss : 7.896, geometry_consistency_loss : 0.000, fft_loss : 0.000, ssim_loss : 0.889, vo_loss : 0.191, vo_photo_loss : 0.188, vo_smooth_loss : 0.000, vo_geometry_loss : 0.003, vo_ssim_loss : 0.000
[K * Avg Loss : 8.975
[K  2% (4 of 200) |                        | Elapsed Time: 0:00:18 ETA:   0:15:27

[K  0% (0 of 3) |                          | Elapsed Time: 0:00:00 ETA:  --:--:--

[K 33% (1 of 3) |########                  | Elapsed Time: 0:00:01 ETA:   0:00:02

[K 66% (2 of 3) |#################         | Elapsed Time: 0:00:01 ETA:   0:00:00

[K100% (3 of 3) |##########################| Elapsed Time: 0:00:02 ETA:  00:00:00

[KTrain: Batch time 0.491 (0.724) Data time 0.001 (0.204) total_loss : 23.176, rec_loss : 7.874, geometry_consistency_loss : 0.000, fft_loss : 0.000, ssim_loss : 0.886, vo_loss : 5.436, vo_photo_loss : 0.178, vo_smooth_loss : 0.000, vo_geometry_loss : 0.003, vo_ssim_loss : 0.000, vo2radar_loss : 8.981
[K * Avg Loss : 23.176
[K  0% (0 of 3) |                          | Elapsed Time: 0:00:00 ETA:  --:--:--

[K 33% (1 of 3) |########                  | Elapsed Time: 0:00:00 ETA:   0:00:01

[Kvalid: Time 0.648 (0.648) Loss 8.9764 7.8453 0.0000 0.0000 0.8832 0.2479 0.2451 0.0003 0.0026 0.0000 (8.9764 7.8453 0.0000 0.0000 0.8832 0.2479 0.2451 0.0003 0.0026 0.0000)
[K 66% (2 of 3) |#################         | Elapsed Time: 0:00:01 ETA:   0:00:00

[K100% (3 of 3) |##########################| Elapsed Time: 0:00:01 ETA:  00:00:00

[K100% (3 of 3) |##########################| Elapsed Time: 0:00:01 ETA:  00:00:00

[K * Avg total_loss : 8.976, rec_loss : 7.897, geometry_consistency_loss : 0.000, fft_loss : 0.000, ssim_loss : 0.889, vo_loss : 0.190, vo_photo_loss : 0.188, vo_smooth_loss : 0.000, vo_geometry_loss : 0.002, vo_ssim_loss : 0.000
[K * Avg Loss : 8.976
[K  2% (5 of 200) |                        | Elapsed Time: 0:00:23 ETA:   0:15:23

[K  0% (0 of 3) |                          | Elapsed Time: 0:00:00 ETA:  --:--:--

[K 33% (1 of 3) |########                  | Elapsed Time: 0:00:01 ETA:   0:00:02

[K 66% (2 of 3) |#################         | Elapsed Time: 0:00:01 ETA:   0:00:00

[K100% (3 of 3) |##########################| Elapsed Time: 0:00:02 ETA:  00:00:00

[K * Avg Loss : 23.149
[K  0% (0 of 3) |                          | Elapsed Time: 0:00:00 ETA:  --:--:--

[K 33% (1 of 3) |########                  | Elapsed Time: 0:00:01 ETA:   0:00:02

[Kvalid: Time 1.086 (1.086) Loss 8.9686 7.8372 0.0000 0.0000 0.8823 0.2491 0.2463 0.0003 0.0025 0.0000 (8.9686 7.8372 0.0000 0.0000 0.8823 0.2491 0.2463 0.0003 0.0025 0.0000)
[K 66% (2 of 3) |#################         | Elapsed Time: 0:00:01 ETA:   0:00:00

[K100% (3 of 3) |##########################| Elapsed Time: 0:00:01 ETA:  00:00:00

[K100% (3 of 3) |##########################| Elapsed Time: 0:00:01 ETA:  00:00:00

[K * Avg total_loss : 8.952, rec_loss : 7.875, geometry_consistency_loss : 0.000, fft_loss : 0.000, ssim_loss : 0.886, vo_loss : 0.191, vo_photo_loss : 0.189, vo_smooth_loss : 0.000, vo_geometry_loss : 0.002, vo_ssim_loss : 0.000
[K * Avg Loss : 8.952
[K  3% (6 of 200) |                        | Elapsed Time: 0:00:27 ETA:   0:15:00

[K  0% (0 of 3) |                          | Elapsed Time: 0:00:00 ETA:  --:--:--

[K 33% (1 of 3) |########                  | Elapsed Time: 0:00:01 ETA:   0:00:02

[K 66% (2 of 3) |#################         | Elapsed Time: 0:00:01 ETA:   0:00:00

[K100% (3 of 3) |##########################| Elapsed Time: 0:00:02 ETA:  00:00:00

[K * Avg Loss : 23.322
[K  0% (0 of 3) |                          | Elapsed Time: 0:00:00 ETA:  --:--:--

[K 33% (1 of 3) |########                  | Elapsed Time: 0:00:00 ETA:   0:00:01

[Kvalid: Time 0.634 (0.634) Loss 8.9641 7.8322 0.0000 0.0000 0.8817 0.2501 0.2473 0.0003 0.0025 0.0000 (8.9641 7.8322 0.0000 0.0000 0.8817 0.2501 0.2473 0.0003 0.0025 0.0000)
[K 66% (2 of 3) |#################         | Elapsed Time: 0:00:01 ETA:   0:00:00

[K100% (3 of 3) |##########################| Elapsed Time: 0:00:01 ETA:  00:00:00

[K100% (3 of 3) |##########################| Elapsed Time: 0:00:01 ETA:  00:00:00

[K * Avg total_loss : 8.953, rec_loss : 7.875, geometry_consistency_loss : 0.000, fft_loss : 0.000, ssim_loss : 0.886, vo_loss : 0.192, vo_photo_loss : 0.190, vo_smooth_loss : 0.000, vo_geometry_loss : 0.002, vo_ssim_loss : 0.000
[K * Avg Loss : 8.953
[K  3% (7 of 200) |                        | Elapsed Time: 0:00:32 ETA:   0:14:45

[K  0% (0 of 3) |                          | Elapsed Time: 0:00:00 ETA:  --:--:--

[K 33% (1 of 3) |########                  | Elapsed Time: 0:00:01 ETA:   0:00:02

[K 66% (2 of 3) |#################         | Elapsed Time: 0:00:01 ETA:   0:00:00

[K100% (3 of 3) |##########################| Elapsed Time: 0:00:02 ETA:  00:00:00

[K * Avg Loss : 22.994
[K  0% (0 of 3) |                          | Elapsed Time: 0:00:00 ETA:  --:--:--

[K 33% (1 of 3) |########                  | Elapsed Time: 0:00:01 ETA:   0:00:02

[Kvalid: Time 1.043 (1.043) Loss 8.9661 7.8347 0.0000 0.0000 0.8820 0.2494 0.2466 0.0003 0.0026 0.0000 (8.9661 7.8347 0.0000 0.0000 0.8820 0.2494 0.2466 0.0003 0.0026 0.0000)
[K 66% (2 of 3) |#################         | Elapsed Time: 0:00:01 ETA:   0:00:00

[K100% (3 of 3) |##########################| Elapsed Time: 0:00:01 ETA:  00:00:00

[K100% (3 of 3) |##########################| Elapsed Time: 0:00:01 ETA:  00:00:00

[K * Avg total_loss : 8.940, rec_loss : 7.864, geometry_consistency_loss : 0.000, fft_loss : 0.000, ssim_loss : 0.885, vo_loss : 0.191, vo_photo_loss : 0.189, vo_smooth_loss : 0.000, vo_geometry_loss : 0.002, vo_ssim_loss : 0.000
[K * Avg Loss : 8.940
[K  4% (8 of 200) |                        | Elapsed Time: 0:00:36 ETA:   0:14:31

[K  0% (0 of 3) |                          | Elapsed Time: 0:00:00 ETA:  --:--:--

[K 33% (1 of 3) |########                  | Elapsed Time: 0:00:01 ETA:   0:00:02

[K 66% (2 of 3) |#################         | Elapsed Time: 0:00:01 ETA:   0:00:00

[K100% (3 of 3) |##########################| Elapsed Time: 0:00:02 ETA:  00:00:00

[K * Avg Loss : 22.963
[K  0% (0 of 3) |                          | Elapsed Time: 0:00:00 ETA:  --:--:--

[K 33% (1 of 3) |########                  | Elapsed Time: 0:00:00 ETA:   0:00:01

[Kvalid: Time 0.978 (0.978) Loss 8.9681 7.8365 0.0000 0.0000 0.8822 0.2494 0.2467 0.0002 0.0025 0.0000 (8.9681 7.8365 0.0000 0.0000 0.8822 0.2494 0.2467 0.0002 0.0025 0.0000)
[K 66% (2 of 3) |#################         | Elapsed Time: 0:00:01 ETA:   0:00:00

[K100% (3 of 3) |##########################| Elapsed Time: 0:00:01 ETA:  00:00:00

[K100% (3 of 3) |##########################| Elapsed Time: 0:00:01 ETA:  00:00:00

[K * Avg total_loss : 8.934, rec_loss : 7.858, geometry_consistency_loss : 0.000, fft_loss : 0.000, ssim_loss : 0.885, vo_loss : 0.191, vo_photo_loss : 0.189, vo_smooth_loss : 0.000, vo_geometry_loss : 0.002, vo_ssim_loss : 0.000
[K * Avg Loss : 8.934
[K  4% (9 of 200) |#                       | Elapsed Time: 0:00:40 ETA:   0:14:22

[K  0% (0 of 3) |                          | Elapsed Time: 0:00:00 ETA:  --:--:--

[K 33% (1 of 3) |########                  | Elapsed Time: 0:00:01 ETA:   0:00:02

[K 66% (2 of 3) |#################         | Elapsed Time: 0:00:01 ETA:   0:00:00

[K100% (3 of 3) |##########################| Elapsed Time: 0:00:02 ETA:  00:00:00

[KTrain: Batch time 0.512 (0.722) Data time 0.002 (0.197) total_loss : 23.138, rec_loss : 7.924, geometry_consistency_loss : 0.000, fft_loss : 0.000, ssim_loss : 0.892, vo_loss : 5.334, vo_photo_loss : 0.176, vo_smooth_loss : 0.000, vo_geometry_loss : 0.002, vo_ssim_loss : 0.000, vo2radar_loss : 8.988
[K * Avg Loss : 23.138
[K  0% (0 of 3) |                          | Elapsed Time: 0:00:00 ETA:  --:--:--

[K 33% (1 of 3) |########                  | Elapsed Time: 0:00:00 ETA:   0:00:01

[Kvalid: Time 0.626 (0.626) Loss 8.9695 7.8371 0.0000 0.0000 0.8822 0.2501 0.2475 0.0002 0.0024 0.0000 (8.9695 7.8371 0.0000 0.0000 0.8822 0.2501 0.2475 0.0002 0.0024 0.0000)
[K 66% (2 of 3) |#################         | Elapsed Time: 0:00:00 ETA:   0:00:00

[K100% (3 of 3) |##########################| Elapsed Time: 0:00:01 ETA:  00:00:00

[K100% (3 of 3) |##########################| Elapsed Time: 0:00:01 ETA:  00:00:00

[K * Avg total_loss : 8.934, rec_loss : 7.858, geometry_consistency_loss : 0.000, fft_loss : 0.000, ssim_loss : 0.884, vo_loss : 0.192, vo_photo_loss : 0.190, vo_smooth_loss : 0.000, vo_geometry_loss : 0.002, vo_ssim_loss : 0.000
[K * Avg Loss : 8.934
[K  5% (10 of 200) |#                      | Elapsed Time: 0:00:45 ETA:   0:14:20

[K  0% (0 of 3) |                          | Elapsed Time: 0:00:00 ETA:  --:--:--

[K 33% (1 of 3) |########                  | Elapsed Time: 0:00:01 ETA:   0:00:02

[K 66% (2 of 3) |#################         | Elapsed Time: 0:00:01 ETA:   0:00:00

[K100% (3 of 3) |##########################| Elapsed Time: 0:00:02 ETA:  00:00:00

[K * Avg Loss : 23.089
[K  0% (0 of 3) |                          | Elapsed Time: 0:00:00 ETA:  --:--:--

[K 33% (1 of 3) |########                  | Elapsed Time: 0:00:01 ETA:   0:00:02

[Kvalid: Time 1.104 (1.104) Loss 8.9699 7.8389 0.0000 0.0000 0.8824 0.2486 0.2461 0.0002 0.0022 0.0000 (8.9699 7.8389 0.0000 0.0000 0.8824 0.2486 0.2461 0.0002 0.0022 0.0000)
[K 66% (2 of 3) |#################         | Elapsed Time: 0:00:01 ETA:   0:00:00

[K100% (3 of 3) |##########################| Elapsed Time: 0:00:01 ETA:  00:00:00

[K100% (3 of 3) |##########################| Elapsed Time: 0:00:01 ETA:  00:00:00

[K * Avg total_loss : 8.934, rec_loss : 7.858, geometry_consistency_loss : 0.000, fft_loss : 0.000, ssim_loss : 0.884, vo_loss : 0.191, vo_photo_loss : 0.189, vo_smooth_loss : 0.000, vo_geometry_loss : 0.002, vo_ssim_loss : 0.000
[K * Avg Loss : 8.934
[K  5% (11 of 200) |#                      | Elapsed Time: 0:00:49 ETA:   0:14:15

[K  0% (0 of 3) |                          | Elapsed Time: 0:00:00 ETA:  --:--:--

[K 33% (1 of 3) |########                  | Elapsed Time: 0:00:01 ETA:   0:00:02

[K 66% (2 of 3) |#################         | Elapsed Time: 0:00:01 ETA:   0:00:00

[K100% (3 of 3) |##########################| Elapsed Time: 0:00:02 ETA:  00:00:00

[K * Avg Loss : 23.307
[K  0% (0 of 3) |                          | Elapsed Time: 0:00:00 ETA:  --:--:--

[K 33% (1 of 3) |########                  | Elapsed Time: 0:00:01 ETA:   0:00:02

[Kvalid: Time 1.050 (1.050) Loss 8.9690 7.8392 0.0000 0.0000 0.8825 0.2473 0.2450 0.0002 0.0021 0.0000 (8.9690 7.8392 0.0000 0.0000 0.8825 0.2473 0.2450 0.0002 0.0021 0.0000)
[K 66% (2 of 3) |#################         | Elapsed Time: 0:00:01 ETA:   0:00:00

[K100% (3 of 3) |##########################| Elapsed Time: 0:00:01 ETA:  00:00:00

[K100% (3 of 3) |##########################| Elapsed Time: 0:00:01 ETA:  00:00:00

[K * Avg total_loss : 8.935, rec_loss : 7.860, geometry_consistency_loss : 0.000, fft_loss : 0.000, ssim_loss : 0.885, vo_loss : 0.190, vo_photo_loss : 0.188, vo_smooth_loss : 0.000, vo_geometry_loss : 0.002, vo_ssim_loss : 0.000
[K * Avg Loss : 8.935
[K  6% (12 of 200) |#                      | Elapsed Time: 0:00:54 ETA:   0:14:07

[K  0% (0 of 3) |                          | Elapsed Time: 0:00:00 ETA:  --:--:--

[K 33% (1 of 3) |########                  | Elapsed Time: 0:00:01 ETA:   0:00:02

[K 66% (2 of 3) |#################         | Elapsed Time: 0:00:01 ETA:   0:00:00

[K100% (3 of 3) |##########################| Elapsed Time: 0:00:02 ETA:  00:00:00

[K * Avg Loss : 23.146
[K  0% (0 of 3) |                          | Elapsed Time: 0:00:00 ETA:  --:--:--

[K 33% (1 of 3) |########                  | Elapsed Time: 0:00:00 ETA:   0:00:01

[Kvalid: Time 0.683 (0.683) Loss 8.9694 7.8401 0.0000 0.0000 0.8826 0.2467 0.2443 0.0002 0.0022 0.0000 (8.9694 7.8401 0.0000 0.0000 0.8826 0.2467 0.2443 0.0002 0.0022 0.0000)
[K 66% (2 of 3) |#################         | Elapsed Time: 0:00:01 ETA:   0:00:00

[K100% (3 of 3) |##########################| Elapsed Time: 0:00:01 ETA:  00:00:00

[K100% (3 of 3) |##########################| Elapsed Time: 0:00:01 ETA:  00:00:00

[K * Avg total_loss : 8.937, rec_loss : 7.862, geometry_consistency_loss : 0.000, fft_loss : 0.000, ssim_loss : 0.885, vo_loss : 0.190, vo_photo_loss : 0.188, vo_smooth_loss : 0.000, vo_geometry_loss : 0.002, vo_ssim_loss : 0.000
[K * Avg Loss : 8.937
[K  6% (13 of 200) |#                      | Elapsed Time: 0:00:58 ETA:   0:14:01

[K  0% (0 of 3) |                          | Elapsed Time: 0:00:00 ETA:  --:--:--

[K 33% (1 of 3) |########                  | Elapsed Time: 0:00:01 ETA:   0:00:02

[K 66% (2 of 3) |#################         | Elapsed Time: 0:00:01 ETA:   0:00:00

[K100% (3 of 3) |##########################| Elapsed Time: 0:00:02 ETA:  00:00:00

[K * Avg Loss : 23.147
[K  0% (0 of 3) |                          | Elapsed Time: 0:00:00 ETA:  --:--:--

[K 33% (1 of 3) |########                  | Elapsed Time: 0:00:01 ETA:   0:00:02

[Kvalid: Time 1.062 (1.062) Loss 8.9697 7.8413 0.0000 0.0000 0.8827 0.2457 0.2434 0.0002 0.0021 0.0000 (8.9697 7.8413 0.0000 0.0000 0.8827 0.2457 0.2434 0.0002 0.0021 0.0000)
[K 66% (2 of 3) |#################         | Elapsed Time: 0:00:01 ETA:   0:00:00

[K100% (3 of 3) |##########################| Elapsed Time: 0:00:01 ETA:  00:00:00

[K100% (3 of 3) |##########################| Elapsed Time: 0:00:01 ETA:  00:00:00

[K * Avg total_loss : 8.936, rec_loss : 7.861, geometry_consistency_loss : 0.000, fft_loss : 0.000, ssim_loss : 0.885, vo_loss : 0.190, vo_photo_loss : 0.188, vo_smooth_loss : 0.000, vo_geometry_loss : 0.002, vo_ssim_loss : 0.000
[K * Avg Loss : 8.936
[K  7% (14 of 200) |#                      | Elapsed Time: 0:01:02 ETA:   0:13:52

[K  0% (0 of 3) |                          | Elapsed Time: 0:00:00 ETA:  --:--:--

[K 33% (1 of 3) |########                  | Elapsed Time: 0:00:01 ETA:   0:00:02

[K 66% (2 of 3) |#################         | Elapsed Time: 0:00:01 ETA:   0:00:00

[K100% (3 of 3) |##########################| Elapsed Time: 0:00:02 ETA:  00:00:00

[KTrain: Batch time 0.495 (0.725) Data time 0.001 (0.206) total_loss : 23.268, rec_loss : 7.871, geometry_consistency_loss : 0.000, fft_loss : 0.000, ssim_loss : 0.886, vo_loss : 5.516, vo_photo_loss : 0.182, vo_smooth_loss : 0.000, vo_geometry_loss : 0.002, vo_ssim_loss : 0.000, vo2radar_loss : 8.995
[K * Avg Loss : 23.268
[K  0% (0 of 3) |                          | Elapsed Time: 0:00:00 ETA:  --:--:--

[K 33% (1 of 3) |########                  | Elapsed Time: 0:00:00 ETA:   0:00:01

[Kvalid: Time 0.600 (0.600) Loss 8.9663 7.8395 0.0000 0.0000 0.8825 0.2443 0.2422 0.0001 0.0020 0.0000 (8.9663 7.8395 0.0000 0.0000 0.8825 0.2443 0.2422 0.0001 0.0020 0.0000)
[K 66% (2 of 3) |#################         | Elapsed Time: 0:00:01 ETA:   0:00:00

[K100% (3 of 3) |##########################| Elapsed Time: 0:00:01 ETA:  00:00:00

[K100% (3 of 3) |##########################| Elapsed Time: 0:00:01 ETA:  00:00:00

[K * Avg total_loss : 8.933, rec_loss : 7.859, geometry_consistency_loss : 0.000, fft_loss : 0.000, ssim_loss : 0.885, vo_loss : 0.189, vo_photo_loss : 0.187, vo_smooth_loss : 0.000, vo_geometry_loss : 0.002, vo_ssim_loss : 0.000
[K * Avg Loss : 8.933
[K  7% (15 of 200) |#                      | Elapsed Time: 0:01:07 ETA:   0:13:52

[K  0% (0 of 3) |                          | Elapsed Time: 0:00:00 ETA:  --:--:--

[K 33% (1 of 3) |########                  | Elapsed Time: 0:00:01 ETA:   0:00:02

[K 66% (2 of 3) |#################         | Elapsed Time: 0:00:01 ETA:   0:00:00

[K100% (3 of 3) |##########################| Elapsed Time: 0:00:02 ETA:  00:00:00

[K * Avg Loss : 23.406
[K  0% (0 of 3) |                          | Elapsed Time: 0:00:00 ETA:  --:--:--

[K 33% (1 of 3) |########                  | Elapsed Time: 0:00:00 ETA:   0:00:01

[Kvalid: Time 0.997 (0.997) Loss 8.9682 7.8407 0.0000 0.0000 0.8827 0.2449 0.2425 0.0001 0.0023 0.0000 (8.9682 7.8407 0.0000 0.0000 0.8827 0.2449 0.2425 0.0001 0.0023 0.0000)
[K 66% (2 of 3) |#################         | Elapsed Time: 0:00:01 ETA:   0:00:00

[K100% (3 of 3) |##########################| Elapsed Time: 0:00:01 ETA:  00:00:00

[K100% (3 of 3) |##########################| Elapsed Time: 0:00:01 ETA:  00:00:00

[K * Avg total_loss : 8.934, rec_loss : 7.860, geometry_consistency_loss : 0.000, fft_loss : 0.000, ssim_loss : 0.885, vo_loss : 0.189, vo_photo_loss : 0.187, vo_smooth_loss : 0.000, vo_geometry_loss : 0.002, vo_ssim_loss : 0.000
[K * Avg Loss : 8.934
[K  8% (16 of 200) |#                      | Elapsed Time: 0:01:11 ETA:   0:13:45

[K  0% (0 of 3) |                          | Elapsed Time: 0:00:00 ETA:  --:--:--

[K 33% (1 of 3) |########                  | Elapsed Time: 0:00:01 ETA:   0:00:02

[K 66% (2 of 3) |#################         | Elapsed Time: 0:00:01 ETA:   0:00:00

[K100% (3 of 3) |##########################| Elapsed Time: 0:00:02 ETA:  00:00:00

[K * Avg Loss : 23.303
[K  0% (0 of 3) |                          | Elapsed Time: 0:00:00 ETA:  --:--:--

[K 33% (1 of 3) |########                  | Elapsed Time: 0:00:01 ETA:   0:00:02

[Kvalid: Time 1.025 (1.025) Loss 8.9624 7.8378 0.0000 0.0000 0.8823 0.2423 0.2399 0.0001 0.0022 0.0000 (8.9624 7.8378 0.0000 0.0000 0.8823 0.2423 0.2399 0.0001 0.0022 0.0000)
[K 66% (2 of 3) |#################         | Elapsed Time: 0:00:01 ETA:   0:00:00

[K100% (3 of 3) |##########################| Elapsed Time: 0:00:01 ETA:  00:00:00

[K100% (3 of 3) |##########################| Elapsed Time: 0:00:01 ETA:  00:00:00

[K * Avg total_loss : 8.930, rec_loss : 7.858, geometry_consistency_loss : 0.000, fft_loss : 0.000, ssim_loss : 0.884, vo_loss : 0.188, vo_photo_loss : 0.186, vo_smooth_loss : 0.000, vo_geometry_loss : 0.002, vo_ssim_loss : 0.000
[K * Avg Loss : 8.930
[K  8% (17 of 200) |#                      | Elapsed Time: 0:01:16 ETA:   0:13:39

[K  0% (0 of 3) |                          | Elapsed Time: 0:00:00 ETA:  --:--:--

[K 33% (1 of 3) |########                  | Elapsed Time: 0:00:01 ETA:   0:00:02

[K 66% (2 of 3) |#################         | Elapsed Time: 0:00:01 ETA:   0:00:00

[K100% (3 of 3) |##########################| Elapsed Time: 0:00:02 ETA:  00:00:00

[K * Avg Loss : 23.048
[K  0% (0 of 3) |                          | Elapsed Time: 0:00:00 ETA:  --:--:--

[K 33% (1 of 3) |########                  | Elapsed Time: 0:00:01 ETA:   0:00:02

[Kvalid: Time 1.041 (1.041) Loss 8.9644 7.8373 0.0000 0.0000 0.8823 0.2447 0.2422 0.0001 0.0024 0.0000 (8.9644 7.8373 0.0000 0.0000 0.8823 0.2447 0.2422 0.0001 0.0024 0.0000)
[K 66% (2 of 3) |#################         | Elapsed Time: 0:00:01 ETA:   0:00:00

[K100% (3 of 3) |##########################| Elapsed Time: 0:00:01 ETA:  00:00:00

[K100% (3 of 3) |##########################| Elapsed Time: 0:00:01 ETA:  00:00:00

[K * Avg total_loss : 8.933, rec_loss : 7.860, geometry_consistency_loss : 0.000, fft_loss : 0.000, ssim_loss : 0.885, vo_loss : 0.189, vo_photo_loss : 0.187, vo_smooth_loss : 0.000, vo_geometry_loss : 0.002, vo_ssim_loss : 0.000
[K * Avg Loss : 8.933
[K  9% (18 of 200) |##                     | Elapsed Time: 0:01:20 ETA:   0:13:31

[K  0% (0 of 3) |                          | Elapsed Time: 0:00:00 ETA:  --:--:--

[K 33% (1 of 3) |########                  | Elapsed Time: 0:00:01 ETA:   0:00:02

[K 66% (2 of 3) |#################         | Elapsed Time: 0:00:01 ETA:   0:00:00

[K100% (3 of 3) |##########################| Elapsed Time: 0:00:02 ETA:  00:00:00

[K * Avg Loss : 23.392
[K  0% (0 of 3) |                          | Elapsed Time: 0:00:00 ETA:  --:--:--

[K 33% (1 of 3) |########                  | Elapsed Time: 0:00:01 ETA:   0:00:02

[Kvalid: Time 1.041 (1.041) Loss 8.9685 7.8378 0.0000 0.0000 0.8823 0.2484 0.2459 0.0001 0.0024 0.0000 (8.9685 7.8378 0.0000 0.0000 0.8823 0.2484 0.2459 0.0001 0.0024 0.0000)
[K 66% (2 of 3) |#################         | Elapsed Time: 0:00:01 ETA:   0:00:00

[K100% (3 of 3) |##########################| Elapsed Time: 0:00:01 ETA:  00:00:00

[K100% (3 of 3) |##########################| Elapsed Time: 0:00:01 ETA:  00:00:00

[K * Avg total_loss : 8.934, rec_loss : 7.859, geometry_consistency_loss : 0.000, fft_loss : 0.000, ssim_loss : 0.885, vo_loss : 0.191, vo_photo_loss : 0.189, vo_smooth_loss : 0.000, vo_geometry_loss : 0.002, vo_ssim_loss : 0.000
[K * Avg Loss : 8.934
[K  9% (19 of 200) |##                     | Elapsed Time: 0:01:24 ETA:   0:13:26

[K  0% (0 of 3) |                          | Elapsed Time: 0:00:00 ETA:  --:--:--

[K 33% (1 of 3) |########                  | Elapsed Time: 0:00:01 ETA:   0:00:02

[K 66% (2 of 3) |#################         | Elapsed Time: 0:00:01 ETA:   0:00:00

[K100% (3 of 3) |##########################| Elapsed Time: 0:00:02 ETA:  00:00:00

[KTrain: Batch time 0.590 (0.762) Data time 0.001 (0.212) total_loss : 23.069, rec_loss : 7.863, geometry_consistency_loss : 0.000, fft_loss : 0.000, ssim_loss : 0.885, vo_loss : 5.320, vo_photo_loss : 0.175, vo_smooth_loss : 0.000, vo_geometry_loss : 0.002, vo_ssim_loss : 0.000, vo2radar_loss : 9.000
[K * Avg Loss : 23.069
[K  0% (0 of 3) |                          | Elapsed Time: 0:00:00 ETA:  --:--:--

[K 33% (1 of 3) |########                  | Elapsed Time: 0:00:01 ETA:   0:00:02

[Kvalid: Time 1.035 (1.035) Loss 8.9715 7.8413 0.0000 0.0000 0.8827 0.2475 0.2450 0.0002 0.0023 0.0000 (8.9715 7.8413 0.0000 0.0000 0.8827 0.2475 0.2450 0.0002 0.0023 0.0000)
[K 66% (2 of 3) |#################         | Elapsed Time: 0:00:01 ETA:   0:00:00

[K100% (3 of 3) |##########################| Elapsed Time: 0:00:01 ETA:  00:00:00

[K100% (3 of 3) |##########################| Elapsed Time: 0:00:01 ETA:  00:00:00

[K * Avg total_loss : 8.935, rec_loss : 7.860, geometry_consistency_loss : 0.000, fft_loss : 0.000, ssim_loss : 0.885, vo_loss : 0.190, vo_photo_loss : 0.188, vo_smooth_loss : 0.000, vo_geometry_loss : 0.002, vo_ssim_loss : 0.000
[K * Avg Loss : 8.935
[K 10% (20 of 200) |##                     | Elapsed Time: 0:01:29 ETA:   0:13:24

[K  0% (0 of 3) |                          | Elapsed Time: 0:00:00 ETA:  --:--:--

[K 33% (1 of 3) |########                  | Elapsed Time: 0:00:01 ETA:   0:00:02

[K 66% (2 of 3) |#################         | Elapsed Time: 0:00:01 ETA:   0:00:00

[K100% (3 of 3) |##########################| Elapsed Time: 0:00:02 ETA:  00:00:00

[K * Avg Loss : 23.439
[K  0% (0 of 3) |                          | Elapsed Time: 0:00:00 ETA:  --:--:--

[K 33% (1 of 3) |########                  | Elapsed Time: 0:00:00 ETA:   0:00:01

[Kvalid: Time 0.628 (0.628) Loss 8.9648 7.8367 0.0000 0.0000 0.8822 0.2460 0.2438 0.0002 0.0020 0.0000 (8.9648 7.8367 0.0000 0.0000 0.8822 0.2460 0.2438 0.0002 0.0020 0.0000)
[K 66% (2 of 3) |#################         | Elapsed Time: 0:00:01 ETA:   0:00:00

[K100% (3 of 3) |##########################| Elapsed Time: 0:00:01 ETA:  00:00:00

[K100% (3 of 3) |##########################| Elapsed Time: 0:00:01 ETA:  00:00:00

[K * Avg total_loss : 8.932, rec_loss : 7.858, geometry_consistency_loss : 0.000, fft_loss : 0.000, ssim_loss : 0.884, vo_loss : 0.190, vo_photo_loss : 0.188, vo_smooth_loss : 0.000, vo_geometry_loss : 0.002, vo_ssim_loss : 0.000
[K * Avg Loss : 8.932
[K 10% (21 of 200) |##                     | Elapsed Time: 0:01:33 ETA:   0:13:18

[K  0% (0 of 3) |                          | Elapsed Time: 0:00:00 ETA:  --:--:--

[K 33% (1 of 3) |########                  | Elapsed Time: 0:00:01 ETA:   0:00:02

[K 66% (2 of 3) |#################         | Elapsed Time: 0:00:01 ETA:   0:00:00

[K100% (3 of 3) |##########################| Elapsed Time: 0:00:02 ETA:  00:00:00

[K * Avg Loss : 23.096
[K  0% (0 of 3) |                          | Elapsed Time: 0:00:00 ETA:  --:--:--

[K 33% (1 of 3) |########                  | Elapsed Time: 0:00:00 ETA:   0:00:01

[Kvalid: Time 0.632 (0.632) Loss 8.9640 7.8379 0.0000 0.0000 0.8823 0.2437 0.2416 0.0002 0.0020 0.0000 (8.9640 7.8379 0.0000 0.0000 0.8823 0.2437 0.2416 0.0002 0.0020 0.0000)
[K 66% (2 of 3) |#################         | Elapsed Time: 0:00:00 ETA:   0:00:00

[K100% (3 of 3) |##########################| Elapsed Time: 0:00:01 ETA:  00:00:00

[K100% (3 of 3) |##########################| Elapsed Time: 0:00:01 ETA:  00:00:00

[K * Avg total_loss : 8.933, rec_loss : 7.860, geometry_consistency_loss : 0.000, fft_loss : 0.000, ssim_loss : 0.885, vo_loss : 0.189, vo_photo_loss : 0.187, vo_smooth_loss : 0.000, vo_geometry_loss : 0.002, vo_ssim_loss : 0.000
[K * Avg Loss : 8.933
[K 11% (22 of 200) |##                     | Elapsed Time: 0:01:37 ETA:   0:13:12

[K  0% (0 of 3) |                          | Elapsed Time: 0:00:00 ETA:  --:--:--

[K 33% (1 of 3) |########                  | Elapsed Time: 0:00:01 ETA:   0:00:02

[K 66% (2 of 3) |#################         | Elapsed Time: 0:00:01 ETA:   0:00:00

[K100% (3 of 3) |##########################| Elapsed Time: 0:00:02 ETA:  00:00:00

[K * Avg Loss : 23.483
[K  0% (0 of 3) |                          | Elapsed Time: 0:00:00 ETA:  --:--:--

[K 33% (1 of 3) |########                  | Elapsed Time: 0:00:01 ETA:   0:00:02

[Kvalid: Time 1.054 (1.054) Loss 8.9623 7.8389 0.0000 0.0000 0.8824 0.2410 0.2386 0.0002 0.0022 0.0000 (8.9623 7.8389 0.0000 0.0000 0.8824 0.2410 0.2386 0.0002 0.0022 0.0000)
[K 66% (2 of 3) |#################         | Elapsed Time: 0:00:01 ETA:   0:00:00

[K100% (3 of 3) |##########################| Elapsed Time: 0:00:01 ETA:  00:00:00

[K100% (3 of 3) |##########################| Elapsed Time: 0:00:01 ETA:  00:00:00

[K * Avg total_loss : 8.933, rec_loss : 7.861, geometry_consistency_loss : 0.000, fft_loss : 0.000, ssim_loss : 0.885, vo_loss : 0.187, vo_photo_loss : 0.185, vo_smooth_loss : 0.000, vo_geometry_loss : 0.002, vo_ssim_loss : 0.000
[K * Avg Loss : 8.933
[K 11% (23 of 200) |##                     | Elapsed Time: 0:01:42 ETA:   0:13:07

[K  0% (0 of 3) |                          | Elapsed Time: 0:00:00 ETA:  --:--:--

[K 33% (1 of 3) |########                  | Elapsed Time: 0:00:01 ETA:   0:00:02

[K 66% (2 of 3) |#################         | Elapsed Time: 0:00:01 ETA:   0:00:00

[K100% (3 of 3) |##########################| Elapsed Time: 0:00:02 ETA:  00:00:00

[K * Avg Loss : 22.858
[K  0% (0 of 3) |                          | Elapsed Time: 0:00:00 ETA:  --:--:--

[K 33% (1 of 3) |########                  | Elapsed Time: 0:00:00 ETA:   0:00:01

[Kvalid: Time 0.639 (0.639) Loss 8.9707 7.8399 0.0000 0.0000 0.8826 0.2483 0.2453 0.0002 0.0028 0.0000 (8.9707 7.8399 0.0000 0.0000 0.8826 0.2483 0.2453 0.0002 0.0028 0.0000)
[K 66% (2 of 3) |#################         | Elapsed Time: 0:00:00 ETA:   0:00:00

[K100% (3 of 3) |##########################| Elapsed Time: 0:00:01 ETA:  00:00:00

[K100% (3 of 3) |##########################| Elapsed Time: 0:00:01 ETA:  00:00:00

[K * Avg total_loss : 8.936, rec_loss : 7.860, geometry_consistency_loss : 0.000, fft_loss : 0.000, ssim_loss : 0.885, vo_loss : 0.191, vo_photo_loss : 0.189, vo_smooth_loss : 0.000, vo_geometry_loss : 0.002, vo_ssim_loss : 0.000
[K * Avg Loss : 8.936
[K 12% (24 of 200) |##                     | Elapsed Time: 0:01:46 ETA:   0:13:00

[K  0% (0 of 3) |                          | Elapsed Time: 0:00:00 ETA:  --:--:--

[K 33% (1 of 3) |########                  | Elapsed Time: 0:00:01 ETA:   0:00:02

[K 66% (2 of 3) |#################         | Elapsed Time: 0:00:01 ETA:   0:00:00

[K100% (3 of 3) |##########################| Elapsed Time: 0:00:02 ETA:  00:00:00

[KTrain: Batch time 0.517 (0.789) Data time 0.001 (0.206) total_loss : 23.054, rec_loss : 7.861, geometry_consistency_loss : 0.000, fft_loss : 0.000, ssim_loss : 0.885, vo_loss : 5.303, vo_photo_loss : 0.175, vo_smooth_loss : 0.000, vo_geometry_loss : 0.002, vo_ssim_loss : 0.000, vo2radar_loss : 9.005
[K * Avg Loss : 23.054
[K  0% (0 of 3) |                          | Elapsed Time: 0:00:00 ETA:  --:--:--

[K 33% (1 of 3) |########                  | Elapsed Time: 0:00:00 ETA:   0:00:01

[Kvalid: Time 0.662 (0.662) Loss 8.9648 7.8362 0.0000 0.0000 0.8821 0.2465 0.2438 0.0002 0.0024 0.0000 (8.9648 7.8362 0.0000 0.0000 0.8821 0.2465 0.2438 0.0002 0.0024 0.0000)
[K 66% (2 of 3) |#################         | Elapsed Time: 0:00:01 ETA:   0:00:00

[K100% (3 of 3) |##########################| Elapsed Time: 0:00:01 ETA:  00:00:00

[K100% (3 of 3) |##########################| Elapsed Time: 0:00:01 ETA:  00:00:00

[K * Avg total_loss : 8.932, rec_loss : 7.857, geometry_consistency_loss : 0.000, fft_loss : 0.000, ssim_loss : 0.884, vo_loss : 0.190, vo_photo_loss : 0.188, vo_smooth_loss : 0.000, vo_geometry_loss : 0.002, vo_ssim_loss : 0.000
[K * Avg Loss : 8.932
[K 12% (25 of 200) |##                     | Elapsed Time: 0:01:51 ETA:   0:12:59

[K  0% (0 of 3) |                          | Elapsed Time: 0:00:00 ETA:  --:--:--

[K 33% (1 of 3) |########                  | Elapsed Time: 0:00:01 ETA:   0:00:02

[K 66% (2 of 3) |#################         | Elapsed Time: 0:00:01 ETA:   0:00:00

[K100% (3 of 3) |##########################| Elapsed Time: 0:00:02 ETA:  00:00:00

[K * Avg Loss : 23.268
[K  0% (0 of 3) |                          | Elapsed Time: 0:00:00 ETA:  --:--:--

[K 33% (1 of 3) |########                  | Elapsed Time: 0:00:00 ETA:   0:00:01

[Kvalid: Time 0.662 (0.662) Loss 8.9655 7.8422 0.0000 0.0000 0.8828 0.2405 0.2380 0.0002 0.0022 0.0000 (8.9655 7.8422 0.0000 0.0000 0.8828 0.2405 0.2380 0.0002 0.0022 0.0000)
[K 66% (2 of 3) |#################         | Elapsed Time: 0:00:00 ETA:   0:00:00

[K100% (3 of 3) |##########################| Elapsed Time: 0:00:01 ETA:  00:00:00

[K100% (3 of 3) |##########################| Elapsed Time: 0:00:01 ETA:  00:00:00

[K * Avg total_loss : 8.933, rec_loss : 7.861, geometry_consistency_loss : 0.000, fft_loss : 0.000, ssim_loss : 0.885, vo_loss : 0.187, vo_photo_loss : 0.185, vo_smooth_loss : 0.000, vo_geometry_loss : 0.002, vo_ssim_loss : 0.000
[K * Avg Loss : 8.933
[K 13% (26 of 200) |##                     | Elapsed Time: 0:01:55 ETA:   0:12:53

[K  0% (0 of 3) |                          | Elapsed Time: 0:00:00 ETA:  --:--:--

[K 33% (1 of 3) |########                  | Elapsed Time: 0:00:01 ETA:   0:00:02

[K 66% (2 of 3) |#################         | Elapsed Time: 0:00:01 ETA:   0:00:00

[K100% (3 of 3) |##########################| Elapsed Time: 0:00:02 ETA:  00:00:00

[K * Avg Loss : 22.998
[K  0% (0 of 3) |                          | Elapsed Time: 0:00:00 ETA:  --:--:--

[K 33% (1 of 3) |########                  | Elapsed Time: 0:00:00 ETA:   0:00:01

[Kvalid: Time 0.628 (0.628) Loss 8.9669 7.8381 0.0000 0.0000 0.8824 0.2464 0.2440 0.0003 0.0021 0.0000 (8.9669 7.8381 0.0000 0.0000 0.8824 0.2464 0.2440 0.0003 0.0021 0.0000)
[K 66% (2 of 3) |#################         | Elapsed Time: 0:00:00 ETA:   0:00:00

[K100% (3 of 3) |##########################| Elapsed Time: 0:00:01 ETA:  00:00:00

[K100% (3 of 3) |##########################| Elapsed Time: 0:00:01 ETA:  00:00:00

[K * Avg total_loss : 8.933, rec_loss : 7.858, geometry_consistency_loss : 0.000, fft_loss : 0.000, ssim_loss : 0.884, vo_loss : 0.191, vo_photo_loss : 0.189, vo_smooth_loss : 0.000, vo_geometry_loss : 0.002, vo_ssim_loss : 0.000
[K * Avg Loss : 8.933
[K 13% (27 of 200) |###                    | Elapsed Time: 0:02:00 ETA:   0:12:49

[K  0% (0 of 3) |                          | Elapsed Time: 0:00:00 ETA:  --:--:--

[K 33% (1 of 3) |########                  | Elapsed Time: 0:00:01 ETA:   0:00:02

[K 66% (2 of 3) |#################         | Elapsed Time: 0:00:01 ETA:   0:00:00

[K100% (3 of 3) |##########################| Elapsed Time: 0:00:02 ETA:  00:00:00

[K * Avg Loss : 23.294
[K  0% (0 of 3) |                          | Elapsed Time: 0:00:00 ETA:  --:--:--

[K 33% (1 of 3) |########                  | Elapsed Time: 0:00:01 ETA:   0:00:02

[Kvalid: Time 1.054 (1.054) Loss 8.9606 7.8347 0.0000 0.0000 0.8820 0.2439 0.2419 0.0003 0.0017 0.0000 (8.9606 7.8347 0.0000 0.0000 0.8820 0.2439 0.2419 0.0003 0.0017 0.0000)
[K 66% (2 of 3) |#################         | Elapsed Time: 0:00:01 ETA:   0:00:00

[K100% (3 of 3) |##########################| Elapsed Time: 0:00:01 ETA:  00:00:00

[K100% (3 of 3) |##########################| Elapsed Time: 0:00:01 ETA:  00:00:00

[K * Avg total_loss : 8.931, rec_loss : 7.858, geometry_consistency_loss : 0.000, fft_loss : 0.000, ssim_loss : 0.884, vo_loss : 0.189, vo_photo_loss : 0.187, vo_smooth_loss : 0.000, vo_geometry_loss : 0.002, vo_ssim_loss : 0.000
[K * Avg Loss : 8.931
[K 14% (28 of 200) |###                    | Elapsed Time: 0:02:04 ETA:   0:12:43

[K  0% (0 of 3) |                          | Elapsed Time: 0:00:00 ETA:  --:--:--

[K 33% (1 of 3) |########                  | Elapsed Time: 0:00:01 ETA:   0:00:02

[K 66% (2 of 3) |#################         | Elapsed Time: 0:00:01 ETA:   0:00:00

[K100% (3 of 3) |##########################| Elapsed Time: 0:00:02 ETA:  00:00:00

[K * Avg Loss : 23.219
[K  0% (0 of 3) |                          | Elapsed Time: 0:00:00 ETA:  --:--:--

[K 33% (1 of 3) |########                  | Elapsed Time: 0:00:00 ETA:   0:00:01

[Kvalid: Time 0.829 (0.829) Loss 8.9623 7.8376 0.0000 0.0000 0.8823 0.2423 0.2393 0.0003 0.0027 0.0000 (8.9623 7.8376 0.0000 0.0000 0.8823 0.2423 0.2393 0.0003 0.0027 0.0000)
[K 66% (2 of 3) |#################         | Elapsed Time: 0:00:00 ETA:   0:00:00

[K100% (3 of 3) |##########################| Elapsed Time: 0:00:01 ETA:  00:00:00

[K100% (3 of 3) |##########################| Elapsed Time: 0:00:01 ETA:  00:00:00

[K * Avg total_loss : 8.932, rec_loss : 7.860, geometry_consistency_loss : 0.000, fft_loss : 0.000, ssim_loss : 0.885, vo_loss : 0.187, vo_photo_loss : 0.185, vo_smooth_loss : 0.000, vo_geometry_loss : 0.002, vo_ssim_loss : 0.000
[K * Avg Loss : 8.932
[K 14% (29 of 200) |###                    | Elapsed Time: 0:02:08 ETA:   0:12:40

[K  0% (0 of 3) |                          | Elapsed Time: 0:00:00 ETA:  --:--:--

[K 33% (1 of 3) |########                  | Elapsed Time: 0:00:01 ETA:   0:00:02

[K 66% (2 of 3) |#################         | Elapsed Time: 0:00:01 ETA:   0:00:00

[K100% (3 of 3) |##########################| Elapsed Time: 0:00:02 ETA:  00:00:00

[KTrain: Batch time 0.504 (0.734) Data time 0.002 (0.191) total_loss : 23.063, rec_loss : 7.861, geometry_consistency_loss : 0.000, fft_loss : 0.000, ssim_loss : 0.885, vo_loss : 5.308, vo_photo_loss : 0.175, vo_smooth_loss : 0.000, vo_geometry_loss : 0.002, vo_ssim_loss : 0.000, vo2radar_loss : 9.009
[K * Avg Loss : 23.063
[K  0% (0 of 3) |                          | Elapsed Time: 0:00:00 ETA:  --:--:--

[K 33% (1 of 3) |########                  | Elapsed Time: 0:00:00 ETA:   0:00:01

[Kvalid: Time 0.652 (0.652) Loss 8.9722 7.8373 0.0000 0.0000 0.8823 0.2526 0.2407 0.0004 0.0115 0.0000 (8.9722 7.8373 0.0000 0.0000 0.8823 0.2526 0.2407 0.0004 0.0115 0.0000)
[K 66% (2 of 3) |#################         | Elapsed Time: 0:00:01 ETA:   0:00:00

[K100% (3 of 3) |##########################| Elapsed Time: 0:00:01 ETA:  00:00:00

[K100% (3 of 3) |##########################| Elapsed Time: 0:00:01 ETA:  00:00:00

[K * Avg total_loss : 8.939, rec_loss : 7.859, geometry_consistency_loss : 0.000, fft_loss : 0.000, ssim_loss : 0.885, vo_loss : 0.195, vo_photo_loss : 0.185, vo_smooth_loss : 0.000, vo_geometry_loss : 0.009, vo_ssim_loss : 0.000
[K * Avg Loss : 8.939
[K 15% (30 of 200) |###                    | Elapsed Time: 0:02:13 ETA:   0:12:37

[K  0% (0 of 3) |                          | Elapsed Time: 0:00:00 ETA:  --:--:--

[K 33% (1 of 3) |########                  | Elapsed Time: 0:00:01 ETA:   0:00:02

[K 66% (2 of 3) |#################         | Elapsed Time: 0:00:01 ETA:   0:00:00

[K100% (3 of 3) |##########################| Elapsed Time: 0:00:02 ETA:  00:00:00

[K * Avg Loss : 23.155
[K  0% (0 of 3) |                          | Elapsed Time: 0:00:00 ETA:  --:--:--

[K 33% (1 of 3) |########                  | Elapsed Time: 0:00:01 ETA:   0:00:02

[Kvalid: Time 1.024 (1.024) Loss 8.9551 7.8409 0.0000 0.0000 0.8827 0.2315 0.2125 0.0006 0.0183 0.0000 (8.9551 7.8409 0.0000 0.0000 0.8827 0.2315 0.2125 0.0006 0.0183 0.0000)
[K 66% (2 of 3) |#################         | Elapsed Time: 0:00:01 ETA:   0:00:00

[K100% (3 of 3) |##########################| Elapsed Time: 0:00:01 ETA:  00:00:00

[K100% (3 of 3) |##########################| Elapsed Time: 0:00:01 ETA:  00:00:00

[K * Avg total_loss : 8.923, rec_loss : 7.861, geometry_consistency_loss : 0.000, fft_loss : 0.000, ssim_loss : 0.885, vo_loss : 0.177, vo_photo_loss : 0.163, vo_smooth_loss : 0.001, vo_geometry_loss : 0.013, vo_ssim_loss : 0.000
[K * Avg Loss : 8.923
[K 15% (31 of 200) |###                    | Elapsed Time: 0:02:17 ETA:   0:12:31

[K  0% (0 of 3) |                          | Elapsed Time: 0:00:00 ETA:  --:--:--

[K 33% (1 of 3) |########                  | Elapsed Time: 0:00:01 ETA:   0:00:02

[K 66% (2 of 3) |#################         | Elapsed Time: 0:00:01 ETA:   0:00:00

[K100% (3 of 3) |##########################| Elapsed Time: 0:00:02 ETA:  00:00:00

[K * Avg Loss : 22.777
[K  0% (0 of 3) |                          | Elapsed Time: 0:00:00 ETA:  --:--:--

[K 33% (1 of 3) |########                  | Elapsed Time: 0:00:00 ETA:   0:00:01

[Kvalid: Time 0.641 (0.641) Loss 8.9614 7.8384 0.0000 0.0000 0.8824 0.2406 0.2168 0.0008 0.0231 0.0000 (8.9614 7.8384 0.0000 0.0000 0.8824 0.2406 0.2168 0.0008 0.0231 0.0000)
[K 66% (2 of 3) |#################         | Elapsed Time: 0:00:01 ETA:   0:00:00

[K100% (3 of 3) |##########################| Elapsed Time: 0:00:01 ETA:  00:00:00

[K100% (3 of 3) |##########################| Elapsed Time: 0:00:01 ETA:  00:00:00

[K * Avg total_loss : 8.924, rec_loss : 7.859, geometry_consistency_loss : 0.000, fft_loss : 0.000, ssim_loss : 0.885, vo_loss : 0.180, vo_photo_loss : 0.162, vo_smooth_loss : 0.001, vo_geometry_loss : 0.018, vo_ssim_loss : 0.000
[K * Avg Loss : 8.924
[K 16% (32 of 200) |###                    | Elapsed Time: 0:02:22 ETA:   0:12:25

[K  0% (0 of 3) |                          | Elapsed Time: 0:00:00 ETA:  --:--:--

[K 33% (1 of 3) |########                  | Elapsed Time: 0:00:01 ETA:   0:00:02

[K 66% (2 of 3) |#################         | Elapsed Time: 0:00:01 ETA:   0:00:00

[K100% (3 of 3) |##########################| Elapsed Time: 0:00:02 ETA:  00:00:00

[K * Avg Loss : 22.837
[K  0% (0 of 3) |                          | Elapsed Time: 0:00:00 ETA:  --:--:--

[K 33% (1 of 3) |########                  | Elapsed Time: 0:00:00 ETA:   0:00:01

[Kvalid: Time 0.636 (0.636) Loss 8.9558 7.8376 0.0000 0.0000 0.8823 0.2359 0.2128 0.0008 0.0223 0.0000 (8.9558 7.8376 0.0000 0.0000 0.8823 0.2359 0.2128 0.0008 0.0223 0.0000)
[K 66% (2 of 3) |#################         | Elapsed Time: 0:00:01 ETA:   0:00:00

[K100% (3 of 3) |##########################| Elapsed Time: 0:00:01 ETA:  00:00:00

[K100% (3 of 3) |##########################| Elapsed Time: 0:00:01 ETA:  00:00:00

[K * Avg total_loss : 8.921, rec_loss : 7.859, geometry_consistency_loss : 0.000, fft_loss : 0.000, ssim_loss : 0.885, vo_loss : 0.178, vo_photo_loss : 0.160, vo_smooth_loss : 0.001, vo_geometry_loss : 0.017, vo_ssim_loss : 0.000
[K * Avg Loss : 8.921
[K 16% (33 of 200) |###                    | Elapsed Time: 0:02:26 ETA:   0:12:20

[K  0% (0 of 3) |                          | Elapsed Time: 0:00:00 ETA:  --:--:--

[K 33% (1 of 3) |########                  | Elapsed Time: 0:00:01 ETA:   0:00:02

[K 66% (2 of 3) |#################         | Elapsed Time: 0:00:01 ETA:   0:00:00

[K100% (3 of 3) |##########################| Elapsed Time: 0:00:02 ETA:  00:00:00

[K * Avg Loss : 22.546
[K  0% (0 of 3) |                          | Elapsed Time: 0:00:00 ETA:  --:--:--

[K 33% (1 of 3) |########                  | Elapsed Time: 0:00:00 ETA:   0:00:01

[Kvalid: Time 0.631 (0.631) Loss 8.9462 7.8368 0.0000 0.0000 0.8822 0.2271 0.2155 0.0009 0.0107 0.0000 (8.9462 7.8368 0.0000 0.0000 0.8822 0.2271 0.2155 0.0009 0.0107 0.0000)
[K 66% (2 of 3) |#################         | Elapsed Time: 0:00:01 ETA:   0:00:00

[K100% (3 of 3) |##########################| Elapsed Time: 0:00:01 ETA:  00:00:00

[K100% (3 of 3) |##########################| Elapsed Time: 0:00:01 ETA:  00:00:00

[K * Avg total_loss : 8.913, rec_loss : 7.858, geometry_consistency_loss : 0.000, fft_loss : 0.000, ssim_loss : 0.884, vo_loss : 0.170, vo_photo_loss : 0.161, vo_smooth_loss : 0.001, vo_geometry_loss : 0.008, vo_ssim_loss : 0.000
[K * Avg Loss : 8.913
[K 17% (34 of 200) |###                    | Elapsed Time: 0:02:30 ETA:   0:12:15

[K  0% (0 of 3) |                          | Elapsed Time: 0:00:00 ETA:  --:--:--

[K 33% (1 of 3) |########                  | Elapsed Time: 0:00:01 ETA:   0:00:02

[K 66% (2 of 3) |#################         | Elapsed Time: 0:00:01 ETA:   0:00:00

[K100% (3 of 3) |##########################| Elapsed Time: 0:00:02 ETA:  00:00:00

[KTrain: Batch time 0.505 (0.750) Data time 0.001 (0.212) total_loss : 22.617, rec_loss : 7.868, geometry_consistency_loss : 0.000, fft_loss : 0.000, ssim_loss : 0.886, vo_loss : 4.833, vo_photo_loss : 0.154, vo_smooth_loss : 0.001, vo_geometry_loss : 0.006, vo_ssim_loss : 0.000, vo2radar_loss : 9.030
[K * Avg Loss : 22.617
[K  0% (0 of 3) |                          | Elapsed Time: 0:00:00 ETA:  --:--:--

[K 33% (1 of 3) |########                  | Elapsed Time: 0:00:00 ETA:   0:00:01

[Kvalid: Time 0.599 (0.599) Loss 8.9418 7.8364 0.0000 0.0000 0.8822 0.2233 0.2144 0.0010 0.0078 0.0000 (8.9418 7.8364 0.0000 0.0000 0.8822 0.2233 0.2144 0.0010 0.0078 0.0000)
[K 66% (2 of 3) |#################         | Elapsed Time: 0:00:01 ETA:   0:00:00

[K100% (3 of 3) |##########################| Elapsed Time: 0:00:01 ETA:  00:00:00

[K100% (3 of 3) |##########################| Elapsed Time: 0:00:01 ETA:  00:00:00

[K * Avg total_loss : 8.911, rec_loss : 7.859, geometry_consistency_loss : 0.000, fft_loss : 0.000, ssim_loss : 0.885, vo_loss : 0.167, vo_photo_loss : 0.160, vo_smooth_loss : 0.001, vo_geometry_loss : 0.006, vo_ssim_loss : 0.000
[K * Avg Loss : 8.911
[K 17% (35 of 200) |####                   | Elapsed Time: 0:02:35 ETA:   0:12:12

[K  0% (0 of 3) |                          | Elapsed Time: 0:00:00 ETA:  --:--:--

[K 33% (1 of 3) |########                  | Elapsed Time: 0:00:01 ETA:   0:00:02

[K 66% (2 of 3) |#################         | Elapsed Time: 0:00:01 ETA:   0:00:00

[K100% (3 of 3) |##########################| Elapsed Time: 0:00:02 ETA:  00:00:00

[K * Avg Loss : 22.471
[K  0% (0 of 3) |                          | Elapsed Time: 0:00:00 ETA:  --:--:--

[K 33% (1 of 3) |########                  | Elapsed Time: 0:00:00 ETA:   0:00:01

[Kvalid: Time 0.642 (0.642) Loss 8.9400 7.8348 0.0000 0.0000 0.8820 0.2232 0.2146 0.0011 0.0075 0.0000 (8.9400 7.8348 0.0000 0.0000 0.8820 0.2232 0.2146 0.0011 0.0075 0.0000)
[K 66% (2 of 3) |#################         | Elapsed Time: 0:00:00 ETA:   0:00:00

[K100% (3 of 3) |##########################| Elapsed Time: 0:00:01 ETA:  00:00:00

[K100% (3 of 3) |##########################| Elapsed Time: 0:00:01 ETA:  00:00:00

[K * Avg total_loss : 8.909, rec_loss : 7.857, geometry_consistency_loss : 0.000, fft_loss : 0.000, ssim_loss : 0.884, vo_loss : 0.168, vo_photo_loss : 0.160, vo_smooth_loss : 0.001, vo_geometry_loss : 0.007, vo_ssim_loss : 0.000
[K * Avg Loss : 8.909
[K 18% (36 of 200) |####                   | Elapsed Time: 0:02:39 ETA:   0:12:06

[K  0% (0 of 3) |                          | Elapsed Time: 0:00:00 ETA:  --:--:--

[K 33% (1 of 3) |########                  | Elapsed Time: 0:00:01 ETA:   0:00:02

[K 66% (2 of 3) |#################         | Elapsed Time: 0:00:01 ETA:   0:00:00

[K100% (3 of 3) |##########################| Elapsed Time: 0:00:02 ETA:  00:00:00

[K * Avg Loss : 22.665
[K  0% (0 of 3) |                          | Elapsed Time: 0:00:00 ETA:  --:--:--

[K 33% (1 of 3) |########                  | Elapsed Time: 0:00:01 ETA:   0:00:02

[Kvalid: Time 1.026 (1.026) Loss 8.9477 7.8387 0.0000 0.0000 0.8824 0.2266 0.2177 0.0011 0.0077 0.0000 (8.9477 7.8387 0.0000 0.0000 0.8824 0.2266 0.2177 0.0011 0.0077 0.0000)
[K 66% (2 of 3) |#################         | Elapsed Time: 0:00:01 ETA:   0:00:00

[K100% (3 of 3) |##########################| Elapsed Time: 0:00:01 ETA:  00:00:00

[K100% (3 of 3) |##########################| Elapsed Time: 0:00:01 ETA:  00:00:00

[K * Avg total_loss : 8.914, rec_loss : 7.858, geometry_consistency_loss : 0.000, fft_loss : 0.000, ssim_loss : 0.885, vo_loss : 0.171, vo_photo_loss : 0.163, vo_smooth_loss : 0.001, vo_geometry_loss : 0.007, vo_ssim_loss : 0.000
[K * Avg Loss : 8.914
[K 18% (37 of 200) |####                   | Elapsed Time: 0:02:43 ETA:   0:12:01

[K  0% (0 of 3) |                          | Elapsed Time: 0:00:00 ETA:  --:--:--

[K 33% (1 of 3) |########                  | Elapsed Time: 0:00:01 ETA:   0:00:02

[K 66% (2 of 3) |#################         | Elapsed Time: 0:00:01 ETA:   0:00:00

[K100% (3 of 3) |##########################| Elapsed Time: 0:00:02 ETA:  00:00:00

[K * Avg Loss : 22.595
[K  0% (0 of 3) |                          | Elapsed Time: 0:00:00 ETA:  --:--:--

[K 33% (1 of 3) |########                  | Elapsed Time: 0:00:00 ETA:   0:00:01

[Kvalid: Time 0.991 (0.991) Loss 8.9473 7.8395 0.0000 0.0000 0.8825 0.2253 0.2163 0.0011 0.0079 0.0000 (8.9473 7.8395 0.0000 0.0000 0.8825 0.2253 0.2163 0.0011 0.0079 0.0000)
[K 66% (2 of 3) |#################         | Elapsed Time: 0:00:01 ETA:   0:00:00

[K100% (3 of 3) |##########################| Elapsed Time: 0:00:01 ETA:  00:00:00

[K100% (3 of 3) |##########################| Elapsed Time: 0:00:01 ETA:  00:00:00

[K * Avg total_loss : 8.914, rec_loss : 7.860, geometry_consistency_loss : 0.000, fft_loss : 0.000, ssim_loss : 0.885, vo_loss : 0.170, vo_photo_loss : 0.162, vo_smooth_loss : 0.001, vo_geometry_loss : 0.007, vo_ssim_loss : 0.000
[K * Avg Loss : 8.914
[K 19% (38 of 200) |####                   | Elapsed Time: 0:02:47 ETA:   0:11:56

[K  0% (0 of 3) |                          | Elapsed Time: 0:00:00 ETA:  --:--:--

[K 33% (1 of 3) |########                  | Elapsed Time: 0:00:01 ETA:   0:00:02

[K 66% (2 of 3) |#################         | Elapsed Time: 0:00:01 ETA:   0:00:00

[K100% (3 of 3) |##########################| Elapsed Time: 0:00:02 ETA:  00:00:00

[K * Avg Loss : 22.566
[K  0% (0 of 3) |                          | Elapsed Time: 0:00:00 ETA:  --:--:--

[K 33% (1 of 3) |########                  | Elapsed Time: 0:00:00 ETA:   0:00:01

[Kvalid: Time 0.699 (0.699) Loss 8.9440 7.8372 0.0000 0.0000 0.8823 0.2246 0.2167 0.0011 0.0068 0.0000 (8.9440 7.8372 0.0000 0.0000 0.8823 0.2246 0.2167 0.0011 0.0068 0.0000)
[K 66% (2 of 3) |#################         | Elapsed Time: 0:00:01 ETA:   0:00:00

[K100% (3 of 3) |##########################| Elapsed Time: 0:00:01 ETA:  00:00:00

[K100% (3 of 3) |##########################| Elapsed Time: 0:00:01 ETA:  00:00:00

[K * Avg total_loss : 8.913, rec_loss : 7.859, geometry_consistency_loss : 0.000, fft_loss : 0.000, ssim_loss : 0.885, vo_loss : 0.169, vo_photo_loss : 0.162, vo_smooth_loss : 0.001, vo_geometry_loss : 0.006, vo_ssim_loss : 0.000
[K * Avg Loss : 8.913
[K 19% (39 of 200) |####                   | Elapsed Time: 0:02:52 ETA:   0:11:51

[K  0% (0 of 3) |                          | Elapsed Time: 0:00:00 ETA:  --:--:--

[K 33% (1 of 3) |########                  | Elapsed Time: 0:00:01 ETA:   0:00:02

[K 66% (2 of 3) |#################         | Elapsed Time: 0:00:01 ETA:   0:00:00

[K100% (3 of 3) |##########################| Elapsed Time: 0:00:02 ETA:  00:00:00

[KTrain: Batch time 0.507 (0.726) Data time 0.001 (0.196) total_loss : 22.576, rec_loss : 7.846, geometry_consistency_loss : 0.000, fft_loss : 0.000, ssim_loss : 0.883, vo_loss : 4.811, vo_photo_loss : 0.154, vo_smooth_loss : 0.001, vo_geometry_loss : 0.005, vo_ssim_loss : 0.000, vo2radar_loss : 9.036
[K * Avg Loss : 22.576
[K  0% (0 of 3) |                          | Elapsed Time: 0:00:00 ETA:  --:--:--

[K 33% (1 of 3) |########                  | Elapsed Time: 0:00:01 ETA:   0:00:02

[Kvalid: Time 1.031 (1.031) Loss 8.9456 7.8401 0.0000 0.0000 0.8826 0.2228 0.2161 0.0011 0.0057 0.0000 (8.9456 7.8401 0.0000 0.0000 0.8826 0.2228 0.2161 0.0011 0.0057 0.0000)
[K 66% (2 of 3) |#################         | Elapsed Time: 0:00:01 ETA:   0:00:00

[K100% (3 of 3) |##########################| Elapsed Time: 0:00:01 ETA:  00:00:00

[K100% (3 of 3) |##########################| Elapsed Time: 0:00:01 ETA:  00:00:00

[K * Avg total_loss : 8.912, rec_loss : 7.860, geometry_consistency_loss : 0.000, fft_loss : 0.000, ssim_loss : 0.885, vo_loss : 0.168, vo_photo_loss : 0.161, vo_smooth_loss : 0.001, vo_geometry_loss : 0.005, vo_ssim_loss : 0.000
[K * Avg Loss : 8.912
[K 20% (40 of 200) |####                   | Elapsed Time: 0:02:57 ETA:   0:11:48

[K  0% (0 of 3) |                          | Elapsed Time: 0:00:00 ETA:  --:--:--

[K 33% (1 of 3) |########                  | Elapsed Time: 0:00:01 ETA:   0:00:02

[K 66% (2 of 3) |#################         | Elapsed Time: 0:00:01 ETA:   0:00:00

[K100% (3 of 3) |##########################| Elapsed Time: 0:00:02 ETA:  00:00:00

[K * Avg Loss : 22.576
[K  0% (0 of 3) |                          | Elapsed Time: 0:00:00 ETA:  --:--:--

[K 33% (1 of 3) |########                  | Elapsed Time: 0:00:00 ETA:   0:00:01

[Kvalid: Time 0.653 (0.653) Loss 8.9445 7.8377 0.0000 0.0000 0.8823 0.2245 0.2177 0.0011 0.0057 0.0000 (8.9445 7.8377 0.0000 0.0000 0.8823 0.2245 0.2177 0.0011 0.0057 0.0000)
[K 66% (2 of 3) |#################         | Elapsed Time: 0:00:01 ETA:   0:00:00

[K100% (3 of 3) |##########################| Elapsed Time: 0:00:01 ETA:  00:00:00

[K100% (3 of 3) |##########################| Elapsed Time: 0:00:01 ETA:  00:00:00

[K * Avg total_loss : 8.914, rec_loss : 7.860, geometry_consistency_loss : 0.000, fft_loss : 0.000, ssim_loss : 0.885, vo_loss : 0.169, vo_photo_loss : 0.163, vo_smooth_loss : 0.001, vo_geometry_loss : 0.005, vo_ssim_loss : 0.000
[K * Avg Loss : 8.914
[K 20% (41 of 200) |####                   | Elapsed Time: 0:03:01 ETA:   0:11:44

[K  0% (0 of 3) |                          | Elapsed Time: 0:00:00 ETA:  --:--:--

[K 33% (1 of 3) |########                  | Elapsed Time: 0:00:01 ETA:   0:00:02

[K 66% (2 of 3) |#################         | Elapsed Time: 0:00:01 ETA:   0:00:00

[K100% (3 of 3) |##########################| Elapsed Time: 0:00:02 ETA:  00:00:00

[K * Avg Loss : 22.757
[K  0% (0 of 3) |                          | Elapsed Time: 0:00:00 ETA:  --:--:--

[K 33% (1 of 3) |########                  | Elapsed Time: 0:00:00 ETA:   0:00:01

[Kvalid: Time 0.679 (0.679) Loss 8.9442 7.8372 0.0000 0.0000 0.8823 0.2248 0.2184 0.0011 0.0052 0.0000 (8.9442 7.8372 0.0000 0.0000 0.8823 0.2248 0.2184 0.0011 0.0052 0.0000)
[K 66% (2 of 3) |#################         | Elapsed Time: 0:00:00 ETA:   0:00:00

[K100% (3 of 3) |##########################| Elapsed Time: 0:00:01 ETA:  00:00:00

[K100% (3 of 3) |##########################| Elapsed Time: 0:00:01 ETA:  00:00:00

[K * Avg total_loss : 8.914, rec_loss : 7.859, geometry_consistency_loss : 0.000, fft_loss : 0.000, ssim_loss : 0.885, vo_loss : 0.170, vo_photo_loss : 0.163, vo_smooth_loss : 0.001, vo_geometry_loss : 0.005, vo_ssim_loss : 0.000
[K * Avg Loss : 8.914
[K 21% (42 of 200) |####                   | Elapsed Time: 0:03:05 ETA:   0:11:39

[K  0% (0 of 3) |                          | Elapsed Time: 0:00:00 ETA:  --:--:--

[K 33% (1 of 3) |########                  | Elapsed Time: 0:00:01 ETA:   0:00:02

[K 66% (2 of 3) |#################         | Elapsed Time: 0:00:01 ETA:   0:00:00

[K100% (3 of 3) |##########################| Elapsed Time: 0:00:02 ETA:  00:00:00

[K * Avg Loss : 22.536
[K  0% (0 of 3) |                          | Elapsed Time: 0:00:00 ETA:  --:--:--

[K 33% (1 of 3) |########                  | Elapsed Time: 0:00:01 ETA:   0:00:02

[Kvalid: Time 1.068 (1.068) Loss 8.9455 7.8392 0.0000 0.0000 0.8825 0.2239 0.2177 0.0012 0.0050 0.0000 (8.9455 7.8392 0.0000 0.0000 0.8825 0.2239 0.2177 0.0012 0.0050 0.0000)
[K 66% (2 of 3) |#################         | Elapsed Time: 0:00:01 ETA:   0:00:00

[K100% (3 of 3) |##########################| Elapsed Time: 0:00:01 ETA:  00:00:00

[K100% (3 of 3) |##########################| Elapsed Time: 0:00:01 ETA:  00:00:00

[K * Avg total_loss : 8.912, rec_loss : 7.858, geometry_consistency_loss : 0.000, fft_loss : 0.000, ssim_loss : 0.885, vo_loss : 0.169, vo_photo_loss : 0.163, vo_smooth_loss : 0.001, vo_geometry_loss : 0.005, vo_ssim_loss : 0.000
[K * Avg Loss : 8.912
[K 21% (43 of 200) |####                   | Elapsed Time: 0:03:10 ETA:   0:11:34

[K  0% (0 of 3) |                          | Elapsed Time: 0:00:00 ETA:  --:--:--

[K 33% (1 of 3) |########                  | Elapsed Time: 0:00:01 ETA:   0:00:02

[K 66% (2 of 3) |#################         | Elapsed Time: 0:00:01 ETA:   0:00:00

[K100% (3 of 3) |##########################| Elapsed Time: 0:00:02 ETA:  00:00:00

[K * Avg Loss : 22.455
[K  0% (0 of 3) |                          | Elapsed Time: 0:00:00 ETA:  --:--:--

[K 33% (1 of 3) |########                  | Elapsed Time: 0:00:00 ETA:   0:00:01

[Kvalid: Time 0.668 (0.668) Loss 8.9359 7.8373 0.0000 0.0000 0.8823 0.2164 0.2083 0.0012 0.0068 0.0000 (8.9359 7.8373 0.0000 0.0000 0.8823 0.2164 0.2083 0.0012 0.0068 0.0000)
[K 66% (2 of 3) |#################         | Elapsed Time: 0:00:01 ETA:   0:00:00

[K100% (3 of 3) |##########################| Elapsed Time: 0:00:01 ETA:  00:00:00

[K100% (3 of 3) |##########################| Elapsed Time: 0:00:01 ETA:  00:00:00

[K * Avg total_loss : 8.908, rec_loss : 7.858, geometry_consistency_loss : 0.000, fft_loss : 0.000, ssim_loss : 0.885, vo_loss : 0.165, vo_photo_loss : 0.157, vo_smooth_loss : 0.001, vo_geometry_loss : 0.006, vo_ssim_loss : 0.000
[K * Avg Loss : 8.908
[K 22% (44 of 200) |#####                  | Elapsed Time: 0:03:14 ETA:   0:11:29

[K  0% (0 of 3) |                          | Elapsed Time: 0:00:00 ETA:  --:--:--

[K 33% (1 of 3) |########                  | Elapsed Time: 0:00:01 ETA:   0:00:02

[K 66% (2 of 3) |#################         | Elapsed Time: 0:00:01 ETA:   0:00:00

[K100% (3 of 3) |##########################| Elapsed Time: 0:00:02 ETA:  00:00:00

[KTrain: Batch time 0.505 (0.717) Data time 0.001 (0.186) total_loss : 22.809, rec_loss : 7.860, geometry_consistency_loss : 0.000, fft_loss : 0.000, ssim_loss : 0.885, vo_loss : 5.016, vo_photo_loss : 0.159, vo_smooth_loss : 0.001, vo_geometry_loss : 0.007, vo_ssim_loss : 0.000, vo2radar_loss : 9.048
[K * Avg Loss : 22.809
[K  0% (0 of 3) |                          | Elapsed Time: 0:00:00 ETA:  --:--:--

[K 33% (1 of 3) |########                  | Elapsed Time: 0:00:00 ETA:   0:00:01

[Kvalid: Time 0.642 (0.642) Loss 8.9456 7.8385 0.0000 0.0000 0.8824 0.2247 0.2118 0.0011 0.0118 0.0000 (8.9456 7.8385 0.0000 0.0000 0.8824 0.2247 0.2118 0.0011 0.0118 0.0000)
[K 66% (2 of 3) |#################         | Elapsed Time: 0:00:01 ETA:   0:00:00

[K100% (3 of 3) |##########################| Elapsed Time: 0:00:01 ETA:  00:00:00

[K100% (3 of 3) |##########################| Elapsed Time: 0:00:01 ETA:  00:00:00

[K * Avg total_loss : 8.916, rec_loss : 7.858, geometry_consistency_loss : 0.000, fft_loss : 0.000, ssim_loss : 0.884, vo_loss : 0.173, vo_photo_loss : 0.161, vo_smooth_loss : 0.001, vo_geometry_loss : 0.011, vo_ssim_loss : 0.000
[K * Avg Loss : 8.916
[K 22% (45 of 200) |#####                  | Elapsed Time: 0:03:19 ETA:   0:11:26

[K  0% (0 of 3) |                          | Elapsed Time: 0:00:00 ETA:  --:--:--

[K 33% (1 of 3) |########                  | Elapsed Time: 0:00:01 ETA:   0:00:02

[K 66% (2 of 3) |#################         | Elapsed Time: 0:00:01 ETA:   0:00:00

[K100% (3 of 3) |##########################| Elapsed Time: 0:00:02 ETA:  00:00:00

[K * Avg Loss : 22.354
[K  0% (0 of 3) |                          | Elapsed Time: 0:00:00 ETA:  --:--:--

[K 33% (1 of 3) |########                  | Elapsed Time: 0:00:00 ETA:   0:00:01

[Kvalid: Time 0.643 (0.643) Loss 8.9457 7.8372 0.0000 0.0000 0.8823 0.2263 0.2123 0.0012 0.0128 0.0000 (8.9457 7.8372 0.0000 0.0000 0.8823 0.2263 0.2123 0.0012 0.0128 0.0000)
[K 66% (2 of 3) |#################         | Elapsed Time: 0:00:01 ETA:   0:00:00

[K100% (3 of 3) |##########################| Elapsed Time: 0:00:01 ETA:  00:00:00

[K100% (3 of 3) |##########################| Elapsed Time: 0:00:01 ETA:  00:00:00

[K * Avg total_loss : 8.918, rec_loss : 7.858, geometry_consistency_loss : 0.000, fft_loss : 0.000, ssim_loss : 0.884, vo_loss : 0.176, vo_photo_loss : 0.163, vo_smooth_loss : 0.001, vo_geometry_loss : 0.011, vo_ssim_loss : 0.000
[K * Avg Loss : 8.918
[K 23% (46 of 200) |#####                  | Elapsed Time: 0:03:23 ETA:   0:11:20

[K  0% (0 of 3) |                          | Elapsed Time: 0:00:00 ETA:  --:--:--

[K 33% (1 of 3) |########                  | Elapsed Time: 0:00:01 ETA:   0:00:02

[K 66% (2 of 3) |#################         | Elapsed Time: 0:00:01 ETA:   0:00:00

[K100% (3 of 3) |##########################| Elapsed Time: 0:00:02 ETA:  00:00:00

[K * Avg Loss : 22.630
[K  0% (0 of 3) |                          | Elapsed Time: 0:00:00 ETA:  --:--:--

[K 33% (1 of 3) |########                  | Elapsed Time: 0:00:00 ETA:   0:00:01

[Kvalid: Time 0.631 (0.631) Loss 8.9444 7.8378 0.0000 0.0000 0.8823 0.2243 0.2110 0.0015 0.0117 0.0000 (8.9444 7.8378 0.0000 0.0000 0.8823 0.2243 0.2110 0.0015 0.0117 0.0000)
[K 66% (2 of 3) |#################         | Elapsed Time: 0:00:01 ETA:   0:00:00

[K100% (3 of 3) |##########################| Elapsed Time: 0:00:01 ETA:  00:00:00

[K100% (3 of 3) |##########################| Elapsed Time: 0:00:01 ETA:  00:00:00

[K * Avg total_loss : 8.917, rec_loss : 7.860, geometry_consistency_loss : 0.000, fft_loss : 0.000, ssim_loss : 0.885, vo_loss : 0.173, vo_photo_loss : 0.161, vo_smooth_loss : 0.001, vo_geometry_loss : 0.010, vo_ssim_loss : 0.000
[K * Avg Loss : 8.917
[K 23% (47 of 200) |#####                  | Elapsed Time: 0:03:27 ETA:   0:11:16

[K  0% (0 of 3) |                          | Elapsed Time: 0:00:00 ETA:  --:--:--

[K 33% (1 of 3) |########                  | Elapsed Time: 0:00:01 ETA:   0:00:02

[K 66% (2 of 3) |#################         | Elapsed Time: 0:00:01 ETA:   0:00:00

[K100% (3 of 3) |##########################| Elapsed Time: 0:00:02 ETA:  00:00:00

[K * Avg Loss : 22.310
[K  0% (0 of 3) |                          | Elapsed Time: 0:00:00 ETA:  --:--:--

[K 33% (1 of 3) |########                  | Elapsed Time: 0:00:00 ETA:   0:00:01

[Kvalid: Time 0.648 (0.648) Loss 8.9418 7.8381 0.0000 0.0000 0.8824 0.2213 0.2105 0.0015 0.0093 0.0000 (8.9418 7.8381 0.0000 0.0000 0.8824 0.2213 0.2105 0.0015 0.0093 0.0000)
[K 66% (2 of 3) |#################         | Elapsed Time: 0:00:01 ETA:   0:00:00

[K100% (3 of 3) |##########################| Elapsed Time: 0:00:01 ETA:  00:00:00

[K100% (3 of 3) |##########################| Elapsed Time: 0:00:01 ETA:  00:00:00

[K * Avg total_loss : 8.914, rec_loss : 7.860, geometry_consistency_loss : 0.000, fft_loss : 0.000, ssim_loss : 0.885, vo_loss : 0.170, vo_photo_loss : 0.160, vo_smooth_loss : 0.001, vo_geometry_loss : 0.008, vo_ssim_loss : 0.000
[K * Avg Loss : 8.914
[K 24% (48 of 200) |#####                  | Elapsed Time: 0:03:31 ETA:   0:11:11

[K  0% (0 of 3) |                          | Elapsed Time: 0:00:00 ETA:  --:--:--

[K 33% (1 of 3) |########                  | Elapsed Time: 0:00:01 ETA:   0:00:02

[K 66% (2 of 3) |#################         | Elapsed Time: 0:00:01 ETA:   0:00:00

[K100% (3 of 3) |##########################| Elapsed Time: 0:00:02 ETA:  00:00:00

[K * Avg Loss : 22.611
[K  0% (0 of 3) |                          | Elapsed Time: 0:00:00 ETA:  --:--:--

[K 33% (1 of 3) |########                  | Elapsed Time: 0:00:00 ETA:   0:00:01

[Kvalid: Time 0.611 (0.611) Loss 8.9392 7.8383 0.0000 0.0000 0.8824 0.2185 0.2088 0.0015 0.0083 0.0000 (8.9392 7.8383 0.0000 0.0000 0.8824 0.2185 0.2088 0.0015 0.0083 0.0000)
[K 66% (2 of 3) |#################         | Elapsed Time: 0:00:01 ETA:   0:00:00

[K100% (3 of 3) |##########################| Elapsed Time: 0:00:01 ETA:  00:00:00

[K100% (3 of 3) |##########################| Elapsed Time: 0:00:01 ETA:  00:00:00

[K * Avg total_loss : 8.910, rec_loss : 7.858, geometry_consistency_loss : 0.000, fft_loss : 0.000, ssim_loss : 0.885, vo_loss : 0.168, vo_photo_loss : 0.159, vo_smooth_loss : 0.001, vo_geometry_loss : 0.007, vo_ssim_loss : 0.000
[K * Avg Loss : 8.910
[K 24% (49 of 200) |#####                  | Elapsed Time: 0:03:36 ETA:   0:11:07

[K  0% (0 of 3) |                          | Elapsed Time: 0:00:00 ETA:  --:--:--

[K 33% (1 of 3) |########                  | Elapsed Time: 0:00:01 ETA:   0:00:02

[K 66% (2 of 3) |#################         | Elapsed Time: 0:00:01 ETA:   0:00:00

[K100% (3 of 3) |##########################| Elapsed Time: 0:00:02 ETA:  00:00:00

[KTrain: Batch time 0.514 (0.725) Data time 0.002 (0.196) total_loss : 22.398, rec_loss : 7.831, geometry_consistency_loss : 0.000, fft_loss : 0.000, ssim_loss : 0.882, vo_loss : 4.615, vo_photo_loss : 0.145, vo_smooth_loss : 0.001, vo_geometry_loss : 0.007, vo_ssim_loss : 0.000, vo2radar_loss : 9.070
[K * Avg Loss : 22.398
[K  0% (0 of 3) |                          | Elapsed Time: 0:00:00 ETA:  --:--:--

[K 33% (1 of 3) |########                  | Elapsed Time: 0:00:00 ETA:   0:00:01

[Kvalid: Time 0.643 (0.643) Loss 8.9374 7.8385 0.0000 0.0000 0.8824 0.2165 0.2063 0.0015 0.0086 0.0000 (8.9374 7.8385 0.0000 0.0000 0.8824 0.2165 0.2063 0.0015 0.0086 0.0000)
[K 66% (2 of 3) |#################         | Elapsed Time: 0:00:00 ETA:   0:00:00

[K100% (3 of 3) |##########################| Elapsed Time: 0:00:01 ETA:  00:00:00

[K100% (3 of 3) |##########################| Elapsed Time: 0:00:01 ETA:  00:00:00

[K * Avg total_loss : 8.911, rec_loss : 7.859, geometry_consistency_loss : 0.000, fft_loss : 0.000, ssim_loss : 0.885, vo_loss : 0.167, vo_photo_loss : 0.158, vo_smooth_loss : 0.002, vo_geometry_loss : 0.007, vo_ssim_loss : 0.000
[K * Avg Loss : 8.911
[K 25% (50 of 200) |#####                  | Elapsed Time: 0:03:41 ETA:   0:11:03

[K  0% (0 of 3) |                          | Elapsed Time: 0:00:00 ETA:  --:--:--

[K 33% (1 of 3) |########                  | Elapsed Time: 0:00:01 ETA:   0:00:02

[K 66% (2 of 3) |#################         | Elapsed Time: 0:00:01 ETA:   0:00:00

[K100% (3 of 3) |##########################| Elapsed Time: 0:00:02 ETA:  00:00:00

[K * Avg Loss : 22.243
[K  0% (0 of 3) |                          | Elapsed Time: 0:00:00 ETA:  --:--:--

[K 33% (1 of 3) |########                  | Elapsed Time: 0:00:01 ETA:   0:00:02

[Kvalid: Time 1.015 (1.015) Loss 8.9353 7.8382 0.0000 0.0000 0.8824 0.2148 0.2048 0.0016 0.0084 0.0000 (8.9353 7.8382 0.0000 0.0000 0.8824 0.2148 0.2048 0.0016 0.0084 0.0000)
[K 66% (2 of 3) |#################         | Elapsed Time: 0:00:01 ETA:   0:00:00

[K100% (3 of 3) |##########################| Elapsed Time: 0:00:01 ETA:  00:00:00

[K100% (3 of 3) |##########################| Elapsed Time: 0:00:01 ETA:  00:00:00

[K * Avg total_loss : 8.908, rec_loss : 7.859, geometry_consistency_loss : 0.000, fft_loss : 0.000, ssim_loss : 0.885, vo_loss : 0.165, vo_photo_loss : 0.157, vo_smooth_loss : 0.002, vo_geometry_loss : 0.007, vo_ssim_loss : 0.000
[K * Avg Loss : 8.908
[K 25% (51 of 200) |#####                  | Elapsed Time: 0:03:45 ETA:   0:10:59

[K  0% (0 of 3) |                          | Elapsed Time: 0:00:00 ETA:  --:--:--

[K 33% (1 of 3) |########                  | Elapsed Time: 0:00:01 ETA:   0:00:02

[K 66% (2 of 3) |#################         | Elapsed Time: 0:00:01 ETA:   0:00:00

[K100% (3 of 3) |##########################| Elapsed Time: 0:00:02 ETA:  00:00:00

[K * Avg Loss : 22.403
[K  0% (0 of 3) |                          | Elapsed Time: 0:00:00 ETA:  --:--:--

[K 33% (1 of 3) |########                  | Elapsed Time: 0:00:01 ETA:   0:00:02

[Kvalid: Time 1.042 (1.042) Loss 8.9367 7.8389 0.0000 0.0000 0.8824 0.2153 0.2045 0.0016 0.0092 0.0000 (8.9367 7.8389 0.0000 0.0000 0.8824 0.2153 0.2045 0.0016 0.0092 0.0000)
[K 66% (2 of 3) |#################         | Elapsed Time: 0:00:01 ETA:   0:00:00

[K100% (3 of 3) |##########################| Elapsed Time: 0:00:01 ETA:  00:00:00

[K100% (3 of 3) |##########################| Elapsed Time: 0:00:01 ETA:  00:00:00

[K * Avg total_loss : 8.910, rec_loss : 7.860, geometry_consistency_loss : 0.000, fft_loss : 0.000, ssim_loss : 0.885, vo_loss : 0.165, vo_photo_loss : 0.156, vo_smooth_loss : 0.002, vo_geometry_loss : 0.007, vo_ssim_loss : 0.000
[K * Avg Loss : 8.910
[K 26% (52 of 200) |#####                  | Elapsed Time: 0:03:49 ETA:   0:10:54

[K  0% (0 of 3) |                          | Elapsed Time: 0:00:00 ETA:  --:--:--

[K 33% (1 of 3) |########                  | Elapsed Time: 0:00:01 ETA:   0:00:02

[K 66% (2 of 3) |#################         | Elapsed Time: 0:00:01 ETA:   0:00:00

[K100% (3 of 3) |##########################| Elapsed Time: 0:00:02 ETA:  00:00:00

[K * Avg Loss : 22.514
[K  0% (0 of 3) |                          | Elapsed Time: 0:00:00 ETA:  --:--:--

[K 33% (1 of 3) |########                  | Elapsed Time: 0:00:00 ETA:   0:00:01

[Kvalid: Time 0.647 (0.647) Loss 8.9416 7.8417 0.0000 0.0000 0.8828 0.2171 0.2041 0.0018 0.0112 0.0000 (8.9416 7.8417 0.0000 0.0000 0.8828 0.2171 0.2041 0.0018 0.0112 0.0000)
[K 66% (2 of 3) |#################         | Elapsed Time: 0:00:00 ETA:   0:00:00

[K100% (3 of 3) |##########################| Elapsed Time: 0:00:01 ETA:  00:00:00

[K100% (3 of 3) |##########################| Elapsed Time: 0:00:01 ETA:  00:00:00

[K * Avg total_loss : 8.913, rec_loss : 7.861, geometry_consistency_loss : 0.000, fft_loss : 0.000, ssim_loss : 0.885, vo_loss : 0.168, vo_photo_loss : 0.158, vo_smooth_loss : 0.002, vo_geometry_loss : 0.008, vo_ssim_loss : 0.000
[K * Avg Loss : 8.913
[K 26% (53 of 200) |######                 | Elapsed Time: 0:03:54 ETA:   0:10:49

[K  0% (0 of 3) |                          | Elapsed Time: 0:00:00 ETA:  --:--:--

[K 33% (1 of 3) |########                  | Elapsed Time: 0:00:01 ETA:   0:00:02

[K 66% (2 of 3) |#################         | Elapsed Time: 0:00:01 ETA:   0:00:00

[K100% (3 of 3) |##########################| Elapsed Time: 0:00:02 ETA:  00:00:00

[K * Avg Loss : 22.453
[K  0% (0 of 3) |                          | Elapsed Time: 0:00:00 ETA:  --:--:--

[K 33% (1 of 3) |########                  | Elapsed Time: 0:00:00 ETA:   0:00:01

[Kvalid: Time 0.641 (0.641) Loss 8.9375 7.8376 0.0000 0.0000 0.8823 0.2177 0.2034 0.0019 0.0124 0.0000 (8.9375 7.8376 0.0000 0.0000 0.8823 0.2177 0.2034 0.0019 0.0124 0.0000)
[K 66% (2 of 3) |#################         | Elapsed Time: 0:00:01 ETA:   0:00:00

[K100% (3 of 3) |##########################| Elapsed Time: 0:00:01 ETA:  00:00:00

[K100% (3 of 3) |##########################| Elapsed Time: 0:00:01 ETA:  00:00:00

[K * Avg total_loss : 8.912, rec_loss : 7.859, geometry_consistency_loss : 0.000, fft_loss : 0.000, ssim_loss : 0.885, vo_loss : 0.169, vo_photo_loss : 0.158, vo_smooth_loss : 0.002, vo_geometry_loss : 0.008, vo_ssim_loss : 0.000
[K * Avg Loss : 8.912
[K 27% (54 of 200) |######                 | Elapsed Time: 0:03:58 ETA:   0:10:44

[K  0% (0 of 3) |                          | Elapsed Time: 0:00:00 ETA:  --:--:--

[K 33% (1 of 3) |########                  | Elapsed Time: 0:00:01 ETA:   0:00:02

[K 66% (2 of 3) |#################         | Elapsed Time: 0:00:01 ETA:   0:00:00

[K100% (3 of 3) |##########################| Elapsed Time: 0:00:02 ETA:  00:00:00

[KTrain: Batch time 0.555 (0.778) Data time 0.001 (0.205) total_loss : 22.297, rec_loss : 7.847, geometry_consistency_loss : 0.000, fft_loss : 0.000, ssim_loss : 0.883, vo_loss : 4.471, vo_photo_loss : 0.141, vo_smooth_loss : 0.002, vo_geometry_loss : 0.006, vo_ssim_loss : 0.000, vo2radar_loss : 9.096
[K * Avg Loss : 22.297
[K  0% (0 of 3) |                          | Elapsed Time: 0:00:00 ETA:  --:--:--

[K 33% (1 of 3) |########                  | Elapsed Time: 0:00:01 ETA:   0:00:02

[Kvalid: Time 1.034 (1.034) Loss 8.9367 7.8360 0.0000 0.0000 0.8821 0.2185 0.2012 0.0020 0.0153 0.0000 (8.9367 7.8360 0.0000 0.0000 0.8821 0.2185 0.2012 0.0020 0.0153 0.0000)
[K 66% (2 of 3) |#################         | Elapsed Time: 0:00:01 ETA:   0:00:00

[K100% (3 of 3) |##########################| Elapsed Time: 0:00:01 ETA:  00:00:00

[K100% (3 of 3) |##########################| Elapsed Time: 0:00:01 ETA:  00:00:00

[K * Avg total_loss : 8.912, rec_loss : 7.859, geometry_consistency_loss : 0.000, fft_loss : 0.000, ssim_loss : 0.885, vo_loss : 0.169, vo_photo_loss : 0.157, vo_smooth_loss : 0.002, vo_geometry_loss : 0.010, vo_ssim_loss : 0.000
[K * Avg Loss : 8.912
[K 27% (55 of 200) |######                 | Elapsed Time: 0:04:03 ETA:   0:10:41

[K  0% (0 of 3) |                          | Elapsed Time: 0:00:00 ETA:  --:--:--

[K 33% (1 of 3) |########                  | Elapsed Time: 0:00:01 ETA:   0:00:02

[K 66% (2 of 3) |#################         | Elapsed Time: 0:00:01 ETA:   0:00:00

[K100% (3 of 3) |##########################| Elapsed Time: 0:00:02 ETA:  00:00:00

[K * Avg Loss : 22.512
[K  0% (0 of 3) |                          | Elapsed Time: 0:00:00 ETA:  --:--:--

[K 33% (1 of 3) |########                  | Elapsed Time: 0:00:00 ETA:   0:00:01

[Kvalid: Time 0.645 (0.645) Loss 8.9477 7.8366 0.0000 0.0000 0.8822 0.2289 0.2097 0.0021 0.0172 0.0000 (8.9477 7.8366 0.0000 0.0000 0.8822 0.2289 0.2097 0.0021 0.0172 0.0000)
[K 66% (2 of 3) |#################         | Elapsed Time: 0:00:01 ETA:   0:00:00

[K100% (3 of 3) |##########################| Elapsed Time: 0:00:01 ETA:  00:00:00

[K100% (3 of 3) |##########################| Elapsed Time: 0:00:01 ETA:  00:00:00

[K * Avg total_loss : 8.915, rec_loss : 7.858, geometry_consistency_loss : 0.000, fft_loss : 0.000, ssim_loss : 0.884, vo_loss : 0.173, vo_photo_loss : 0.160, vo_smooth_loss : 0.002, vo_geometry_loss : 0.011, vo_ssim_loss : 0.000
[K * Avg Loss : 8.915
[K 28% (56 of 200) |######                 | Elapsed Time: 0:04:07 ETA:   0:10:37

[K  0% (0 of 3) |                          | Elapsed Time: 0:00:00 ETA:  --:--:--

[K 33% (1 of 3) |########                  | Elapsed Time: 0:00:01 ETA:   0:00:02

[K 66% (2 of 3) |#################         | Elapsed Time: 0:00:01 ETA:   0:00:00

[K100% (3 of 3) |##########################| Elapsed Time: 0:00:02 ETA:  00:00:00

[K * Avg Loss : 22.700
[K  0% (0 of 3) |                          | Elapsed Time: 0:00:00 ETA:  --:--:--

[K 33% (1 of 3) |########                  | Elapsed Time: 0:00:00 ETA:   0:00:01

[Kvalid: Time 0.615 (0.615) Loss 8.9362 7.8386 0.0000 0.0000 0.8824 0.2152 0.2002 0.0021 0.0128 0.0000 (8.9362 7.8386 0.0000 0.0000 0.8824 0.2152 0.2002 0.0021 0.0128 0.0000)
[K 66% (2 of 3) |#################         | Elapsed Time: 0:00:01 ETA:   0:00:00

[K100% (3 of 3) |##########################| Elapsed Time: 0:00:01 ETA:  00:00:00

[K100% (3 of 3) |##########################| Elapsed Time: 0:00:01 ETA:  00:00:00

[K * Avg total_loss : 8.911, rec_loss : 7.860, geometry_consistency_loss : 0.000, fft_loss : 0.000, ssim_loss : 0.885, vo_loss : 0.166, vo_photo_loss : 0.156, vo_smooth_loss : 0.002, vo_geometry_loss : 0.008, vo_ssim_loss : 0.000
[K * Avg Loss : 8.911
[K 28% (57 of 200) |######                 | Elapsed Time: 0:04:12 ETA:   0:10:32

[K  0% (0 of 3) |                          | Elapsed Time: 0:00:00 ETA:  --:--:--

[K 33% (1 of 3) |########                  | Elapsed Time: 0:00:01 ETA:   0:00:02

[K 66% (2 of 3) |#################         | Elapsed Time: 0:00:01 ETA:   0:00:00

[K100% (3 of 3) |##########################| Elapsed Time: 0:00:02 ETA:  00:00:00

[K * Avg Loss : 22.212
[K  0% (0 of 3) |                          | Elapsed Time: 0:00:00 ETA:  --:--:--

[K 33% (1 of 3) |########                  | Elapsed Time: 0:00:00 ETA:   0:00:01

[Kvalid: Time 0.674 (0.674) Loss 8.9334 7.8382 0.0000 0.0000 0.8824 0.2128 0.1991 0.0023 0.0114 0.0000 (8.9334 7.8382 0.0000 0.0000 0.8824 0.2128 0.1991 0.0023 0.0114 0.0000)
[K 66% (2 of 3) |#################         | Elapsed Time: 0:00:00 ETA:   0:00:00

[K100% (3 of 3) |##########################| Elapsed Time: 0:00:01 ETA:  00:00:00

[K100% (3 of 3) |##########################| Elapsed Time: 0:00:01 ETA:  00:00:00

[K * Avg total_loss : 8.910, rec_loss : 7.860, geometry_consistency_loss : 0.000, fft_loss : 0.000, ssim_loss : 0.885, vo_loss : 0.166, vo_photo_loss : 0.156, vo_smooth_loss : 0.002, vo_geometry_loss : 0.008, vo_ssim_loss : 0.000
[K * Avg Loss : 8.910
[K 29% (58 of 200) |######                 | Elapsed Time: 0:04:16 ETA:   0:10:28

[K  0% (0 of 3) |                          | Elapsed Time: 0:00:00 ETA:  --:--:--

[K 33% (1 of 3) |########                  | Elapsed Time: 0:00:01 ETA:   0:00:02

[K 66% (2 of 3) |#################         | Elapsed Time: 0:00:01 ETA:   0:00:00

[K100% (3 of 3) |##########################| Elapsed Time: 0:00:02 ETA:  00:00:00

[K * Avg Loss : 22.479
[K  0% (0 of 3) |                          | Elapsed Time: 0:00:00 ETA:  --:--:--

[K 33% (1 of 3) |########                  | Elapsed Time: 0:00:00 ETA:   0:00:01

[Kvalid: Time 0.660 (0.660) Loss 8.9372 7.8375 0.0000 0.0000 0.8823 0.2174 0.2021 0.0024 0.0130 0.0000 (8.9372 7.8375 0.0000 0.0000 0.8823 0.2174 0.2021 0.0024 0.0130 0.0000)
[K 66% (2 of 3) |#################         | Elapsed Time: 0:00:00 ETA:   0:00:00

[K100% (3 of 3) |##########################| Elapsed Time: 0:00:01 ETA:  00:00:00

[K100% (3 of 3) |##########################| Elapsed Time: 0:00:01 ETA:  00:00:00

[K * Avg total_loss : 8.914, rec_loss : 7.860, geometry_consistency_loss : 0.000, fft_loss : 0.000, ssim_loss : 0.885, vo_loss : 0.169, vo_photo_loss : 0.158, vo_smooth_loss : 0.002, vo_geometry_loss : 0.008, vo_ssim_loss : 0.000
[K * Avg Loss : 8.914
[K 29% (59 of 200) |######                 | Elapsed Time: 0:04:20 ETA:   0:10:23

[K  0% (0 of 3) |                          | Elapsed Time: 0:00:00 ETA:  --:--:--

[K 33% (1 of 3) |########                  | Elapsed Time: 0:00:01 ETA:   0:00:02

[K 66% (2 of 3) |#################         | Elapsed Time: 0:00:01 ETA:   0:00:00

[K100% (3 of 3) |##########################| Elapsed Time: 0:00:02 ETA:  00:00:00

[KTrain: Batch time 0.555 (0.738) Data time 0.002 (0.200) total_loss : 22.502, rec_loss : 7.856, geometry_consistency_loss : 0.000, fft_loss : 0.000, ssim_loss : 0.884, vo_loss : 4.665, vo_photo_loss : 0.147, vo_smooth_loss : 0.002, vo_geometry_loss : 0.006, vo_ssim_loss : 0.000, vo2radar_loss : 9.097
[K * Avg Loss : 22.502
[K  0% (0 of 3) |                          | Elapsed Time: 0:00:00 ETA:  --:--:--

[K 33% (1 of 3) |########                  | Elapsed Time: 0:00:01 ETA:   0:00:02

[Kvalid: Time 1.064 (1.064) Loss 8.9334 7.8374 0.0000 0.0000 0.8823 0.2138 0.2007 0.0025 0.0106 0.0000 (8.9334 7.8374 0.0000 0.0000 0.8823 0.2138 0.2007 0.0025 0.0106 0.0000)
[K 66% (2 of 3) |#################         | Elapsed Time: 0:00:01 ETA:   0:00:00

[K100% (3 of 3) |##########################| Elapsed Time: 0:00:01 ETA:  00:00:00

[K100% (3 of 3) |##########################| Elapsed Time: 0:00:01 ETA:  00:00:00

[K * Avg total_loss : 8.910, rec_loss : 7.860, geometry_consistency_loss : 0.000, fft_loss : 0.000, ssim_loss : 0.885, vo_loss : 0.165, vo_photo_loss : 0.156, vo_smooth_loss : 0.002, vo_geometry_loss : 0.007, vo_ssim_loss : 0.000
[K * Avg Loss : 8.910
[K 30% (60 of 200) |######                 | Elapsed Time: 0:04:25 ETA:   0:10:19

[K  0% (0 of 3) |                          | Elapsed Time: 0:00:00 ETA:  --:--:--

[K 33% (1 of 3) |########                  | Elapsed Time: 0:00:01 ETA:   0:00:02

[K 66% (2 of 3) |#################         | Elapsed Time: 0:00:01 ETA:   0:00:00

[K100% (3 of 3) |##########################| Elapsed Time: 0:00:02 ETA:  00:00:00

[K * Avg Loss : 22.189
[K  0% (0 of 3) |                          | Elapsed Time: 0:00:00 ETA:  --:--:--

[K 33% (1 of 3) |########                  | Elapsed Time: 0:00:00 ETA:   0:00:01

[Kvalid: Time 0.642 (0.642) Loss 8.9294 7.8368 0.0000 0.0000 0.8822 0.2104 0.1973 0.0027 0.0104 0.0000 (8.9294 7.8368 0.0000 0.0000 0.8822 0.2104 0.1973 0.0027 0.0104 0.0000)
[K 66% (2 of 3) |#################         | Elapsed Time: 0:00:00 ETA:   0:00:00

[K100% (3 of 3) |##########################| Elapsed Time: 0:00:01 ETA:  00:00:00

[K100% (3 of 3) |##########################| Elapsed Time: 0:00:01 ETA:  00:00:00

[K * Avg total_loss : 8.908, rec_loss : 7.859, geometry_consistency_loss : 0.000, fft_loss : 0.000, ssim_loss : 0.885, vo_loss : 0.164, vo_photo_loss : 0.154, vo_smooth_loss : 0.003, vo_geometry_loss : 0.007, vo_ssim_loss : 0.000
[K * Avg Loss : 8.908
[K 30% (61 of 200) |#######                | Elapsed Time: 0:04:29 ETA:   0:10:14

[K  0% (0 of 3) |                          | Elapsed Time: 0:00:00 ETA:  --:--:--

[K 33% (1 of 3) |########                  | Elapsed Time: 0:00:01 ETA:   0:00:02

[K 66% (2 of 3) |#################         | Elapsed Time: 0:00:01 ETA:   0:00:00

[K100% (3 of 3) |##########################| Elapsed Time: 0:00:02 ETA:  00:00:00

[K * Avg Loss : 22.525
[K  0% (0 of 3) |                          | Elapsed Time: 0:00:00 ETA:  --:--:--

[K 33% (1 of 3) |########                  | Elapsed Time: 0:00:00 ETA:   0:00:01

[Kvalid: Time 0.679 (0.679) Loss 8.9372 7.8389 0.0000 0.0000 0.8824 0.2158 0.2007 0.0028 0.0123 0.0000 (8.9372 7.8389 0.0000 0.0000 0.8824 0.2158 0.2007 0.0028 0.0123 0.0000)
[K 66% (2 of 3) |#################         | Elapsed Time: 0:00:00 ETA:   0:00:00

[K100% (3 of 3) |##########################| Elapsed Time: 0:00:01 ETA:  00:00:00

[K100% (3 of 3) |##########################| Elapsed Time: 0:00:01 ETA:  00:00:00

[K * Avg total_loss : 8.913, rec_loss : 7.860, geometry_consistency_loss : 0.000, fft_loss : 0.000, ssim_loss : 0.885, vo_loss : 0.168, vo_photo_loss : 0.156, vo_smooth_loss : 0.003, vo_geometry_loss : 0.010, vo_ssim_loss : 0.000
[K * Avg Loss : 8.913
[K 31% (62 of 200) |#######                | Elapsed Time: 0:04:33 ETA:   0:10:09

[K  0% (0 of 3) |                          | Elapsed Time: 0:00:00 ETA:  --:--:--

[K 33% (1 of 3) |########                  | Elapsed Time: 0:00:01 ETA:   0:00:02

[K 66% (2 of 3) |#################         | Elapsed Time: 0:00:01 ETA:   0:00:00

[K100% (3 of 3) |##########################| Elapsed Time: 0:00:02 ETA:  00:00:00

[K * Avg Loss : 22.289
[K  0% (0 of 3) |                          | Elapsed Time: 0:00:00 ETA:  --:--:--

[K 33% (1 of 3) |########                  | Elapsed Time: 0:00:00 ETA:   0:00:01

[Kvalid: Time 0.639 (0.639) Loss 8.9325 7.8384 0.0000 0.0000 0.8824 0.2117 0.1991 0.0029 0.0097 0.0000 (8.9325 7.8384 0.0000 0.0000 0.8824 0.2117 0.1991 0.0029 0.0097 0.0000)
[K 66% (2 of 3) |#################         | Elapsed Time: 0:00:01 ETA:   0:00:00

[K100% (3 of 3) |##########################| Elapsed Time: 0:00:01 ETA:  00:00:00

[K100% (3 of 3) |##########################| Elapsed Time: 0:00:01 ETA:  00:00:00

[K * Avg total_loss : 8.908, rec_loss : 7.860, geometry_consistency_loss : 0.000, fft_loss : 0.000, ssim_loss : 0.885, vo_loss : 0.164, vo_photo_loss : 0.154, vo_smooth_loss : 0.003, vo_geometry_loss : 0.007, vo_ssim_loss : 0.000
[K * Avg Loss : 8.908
[K 31% (63 of 200) |#######                | Elapsed Time: 0:04:38 ETA:   0:10:05

[K  0% (0 of 3) |                          | Elapsed Time: 0:00:00 ETA:  --:--:--

[K 33% (1 of 3) |########                  | Elapsed Time: 0:00:01 ETA:   0:00:02

[K 66% (2 of 3) |#################         | Elapsed Time: 0:00:01 ETA:   0:00:00

[K100% (3 of 3) |##########################| Elapsed Time: 0:00:02 ETA:  00:00:00

[K * Avg Loss : 22.591
[K  0% (0 of 3) |                          | Elapsed Time: 0:00:00 ETA:  --:--:--

[K 33% (1 of 3) |########                  | Elapsed Time: 0:00:00 ETA:   0:00:01

[Kvalid: Time 0.748 (0.748) Loss 8.9215 7.8394 0.0000 0.0000 0.8825 0.1996 0.1890 0.0029 0.0077 0.0000 (8.9215 7.8394 0.0000 0.0000 0.8825 0.1996 0.1890 0.0029 0.0077 0.0000)
[K 66% (2 of 3) |#################         | Elapsed Time: 0:00:01 ETA:   0:00:00

[K100% (3 of 3) |##########################| Elapsed Time: 0:00:01 ETA:  00:00:00

[K100% (3 of 3) |##########################| Elapsed Time: 0:00:01 ETA:  00:00:00

[K * Avg total_loss : 8.907, rec_loss : 7.861, geometry_consistency_loss : 0.000, fft_loss : 0.000, ssim_loss : 0.885, vo_loss : 0.161, vo_photo_loss : 0.152, vo_smooth_loss : 0.003, vo_geometry_loss : 0.007, vo_ssim_loss : 0.000
[K * Avg Loss : 8.907
[K 32% (64 of 200) |#######                | Elapsed Time: 0:04:42 ETA:   0:10:00

[K  0% (0 of 3) |                          | Elapsed Time: 0:00:00 ETA:  --:--:--

[K 33% (1 of 3) |########                  | Elapsed Time: 0:00:01 ETA:   0:00:02

[K 66% (2 of 3) |#################         | Elapsed Time: 0:00:01 ETA:   0:00:00

[K100% (3 of 3) |##########################| Elapsed Time: 0:00:02 ETA:  00:00:00

[KTrain: Batch time 0.499 (0.717) Data time 0.002 (0.207) total_loss : 22.652, rec_loss : 7.836, geometry_consistency_loss : 0.000, fft_loss : 0.000, ssim_loss : 0.882, vo_loss : 4.808, vo_photo_loss : 0.151, vo_smooth_loss : 0.003, vo_geometry_loss : 0.006, vo_ssim_loss : 0.000, vo2radar_loss : 9.126
[K * Avg Loss : 22.652
[K  0% (0 of 3) |                          | Elapsed Time: 0:00:00 ETA:  --:--:--

[K 33% (1 of 3) |########                  | Elapsed Time: 0:00:00 ETA:   0:00:01

[Kvalid: Time 0.623 (0.623) Loss 8.9253 7.8376 0.0000 0.0000 0.8823 0.2054 0.1946 0.0031 0.0076 0.0000 (8.9253 7.8376 0.0000 0.0000 0.8823 0.2054 0.1946 0.0031 0.0076 0.0000)
[K 66% (2 of 3) |#################         | Elapsed Time: 0:00:01 ETA:   0:00:00

[K100% (3 of 3) |##########################| Elapsed Time: 0:00:01 ETA:  00:00:00

[K100% (3 of 3) |##########################| Elapsed Time: 0:00:01 ETA:  00:00:00

[K * Avg total_loss : 8.916, rec_loss : 7.860, geometry_consistency_loss : 0.000, fft_loss : 0.000, ssim_loss : 0.885, vo_loss : 0.171, vo_photo_loss : 0.160, vo_smooth_loss : 0.003, vo_geometry_loss : 0.008, vo_ssim_loss : 0.000
[K * Avg Loss : 8.916
[K 32% (65 of 200) |#######                | Elapsed Time: 0:04:47 ETA:   0:09:57

[K  0% (0 of 3) |                          | Elapsed Time: 0:00:00 ETA:  --:--:--

[K 33% (1 of 3) |########                  | Elapsed Time: 0:00:01 ETA:   0:00:02

[K 66% (2 of 3) |#################         | Elapsed Time: 0:00:01 ETA:   0:00:00

[K100% (3 of 3) |##########################| Elapsed Time: 0:00:02 ETA:  00:00:00

[K * Avg Loss : 22.239
[K  0% (0 of 3) |                          | Elapsed Time: 0:00:00 ETA:  --:--:--

[K 33% (1 of 3) |########                  | Elapsed Time: 0:00:00 ETA:   0:00:01

[Kvalid: Time 0.646 (0.646) Loss 8.9279 7.8376 0.0000 0.0000 0.8823 0.2081 0.1967 0.0029 0.0085 0.0000 (8.9279 7.8376 0.0000 0.0000 0.8823 0.2081 0.1967 0.0029 0.0085 0.0000)
[K 66% (2 of 3) |#################         | Elapsed Time: 0:00:01 ETA:   0:00:00

[K100% (3 of 3) |##########################| Elapsed Time: 0:00:01 ETA:  00:00:00

[K100% (3 of 3) |##########################| Elapsed Time: 0:00:01 ETA:  00:00:00

[K * Avg total_loss : 8.913, rec_loss : 7.858, geometry_consistency_loss : 0.000, fft_loss : 0.000, ssim_loss : 0.884, vo_loss : 0.170, vo_photo_loss : 0.159, vo_smooth_loss : 0.003, vo_geometry_loss : 0.008, vo_ssim_loss : 0.000
[K * Avg Loss : 8.913
[K 33% (66 of 200) |#######                | Elapsed Time: 0:04:51 ETA:   0:09:52

[K  0% (0 of 3) |                          | Elapsed Time: 0:00:00 ETA:  --:--:--

[K 33% (1 of 3) |########                  | Elapsed Time: 0:00:01 ETA:   0:00:02

[K 66% (2 of 3) |#################         | Elapsed Time: 0:00:01 ETA:   0:00:00

[K100% (3 of 3) |##########################| Elapsed Time: 0:00:02 ETA:  00:00:00

[K * Avg Loss : 22.344
[K  0% (0 of 3) |                          | Elapsed Time: 0:00:00 ETA:  --:--:--

[K 33% (1 of 3) |########                  | Elapsed Time: 0:00:00 ETA:   0:00:01

[Kvalid: Time 0.620 (0.620) Loss 8.9300 7.8375 0.0000 0.0000 0.8823 0.2102 0.1986 0.0032 0.0084 0.0000 (8.9300 7.8375 0.0000 0.0000 0.8823 0.2102 0.1986 0.0032 0.0084 0.0000)
[K 66% (2 of 3) |#################         | Elapsed Time: 0:00:00 ETA:   0:00:00

[K100% (3 of 3) |##########################| Elapsed Time: 0:00:01 ETA:  00:00:00

[K100% (3 of 3) |##########################| Elapsed Time: 0:00:01 ETA:  00:00:00

[K * Avg total_loss : 8.910, rec_loss : 7.858, geometry_consistency_loss : 0.000, fft_loss : 0.000, ssim_loss : 0.885, vo_loss : 0.167, vo_photo_loss : 0.157, vo_smooth_loss : 0.003, vo_geometry_loss : 0.006, vo_ssim_loss : 0.000
[K * Avg Loss : 8.910
[K 33% (67 of 200) |#######                | Elapsed Time: 0:04:56 ETA:   0:09:48

[K  0% (0 of 3) |                          | Elapsed Time: 0:00:00 ETA:  --:--:--

[K 33% (1 of 3) |########                  | Elapsed Time: 0:00:01 ETA:   0:00:02

[K 66% (2 of 3) |#################         | Elapsed Time: 0:00:01 ETA:   0:00:00

[K100% (3 of 3) |##########################| Elapsed Time: 0:00:02 ETA:  00:00:00

[K * Avg Loss : 22.437
[K  0% (0 of 3) |                          | Elapsed Time: 0:00:00 ETA:  --:--:--

[K 33% (1 of 3) |########                  | Elapsed Time: 0:00:00 ETA:   0:00:01

[Kvalid: Time 0.621 (0.621) Loss 8.9296 7.8402 0.0000 0.0000 0.8826 0.2068 0.1952 0.0032 0.0083 0.0000 (8.9296 7.8402 0.0000 0.0000 0.8826 0.2068 0.1952 0.0032 0.0083 0.0000)
[K 66% (2 of 3) |#################         | Elapsed Time: 0:00:00 ETA:   0:00:00

[K100% (3 of 3) |##########################| Elapsed Time: 0:00:01 ETA:  00:00:00

[K100% (3 of 3) |##########################| Elapsed Time: 0:00:01 ETA:  00:00:00

[K * Avg total_loss : 8.911, rec_loss : 7.860, geometry_consistency_loss : 0.000, fft_loss : 0.000, ssim_loss : 0.885, vo_loss : 0.167, vo_photo_loss : 0.157, vo_smooth_loss : 0.003, vo_geometry_loss : 0.007, vo_ssim_loss : 0.000
[K * Avg Loss : 8.911
[K 34% (68 of 200) |#######                | Elapsed Time: 0:05:00 ETA:   0:09:43

[K  0% (0 of 3) |                          | Elapsed Time: 0:00:00 ETA:  --:--:--

[K 33% (1 of 3) |########                  | Elapsed Time: 0:00:01 ETA:   0:00:02

[K 66% (2 of 3) |#################         | Elapsed Time: 0:00:01 ETA:   0:00:00

[K100% (3 of 3) |##########################| Elapsed Time: 0:00:02 ETA:  00:00:00

[K * Avg Loss : 22.419
[K  0% (0 of 3) |                          | Elapsed Time: 0:00:00 ETA:  --:--:--

[K 33% (1 of 3) |########                  | Elapsed Time: 0:00:01 ETA:   0:00:02

[Kvalid: Time 1.061 (1.061) Loss 8.9313 7.8380 0.0000 0.0000 0.8823 0.2110 0.1977 0.0031 0.0101 0.0000 (8.9313 7.8380 0.0000 0.0000 0.8823 0.2110 0.1977 0.0031 0.0101 0.0000)
[K 66% (2 of 3) |#################         | Elapsed Time: 0:00:01 ETA:   0:00:00

[K100% (3 of 3) |##########################| Elapsed Time: 0:00:01 ETA:  00:00:00

[K100% (3 of 3) |##########################| Elapsed Time: 0:00:01 ETA:  00:00:00

[K * Avg total_loss : 8.914, rec_loss : 7.860, geometry_consistency_loss : 0.000, fft_loss : 0.000, ssim_loss : 0.885, vo_loss : 0.170, vo_photo_loss : 0.158, vo_smooth_loss : 0.003, vo_geometry_loss : 0.008, vo_ssim_loss : 0.000
[K * Avg Loss : 8.914
[K 34% (69 of 200) |#######                | Elapsed Time: 0:05:04 ETA:   0:09:38

[K  0% (0 of 3) |                          | Elapsed Time: 0:00:00 ETA:  --:--:--

[K 33% (1 of 3) |########                  | Elapsed Time: 0:00:01 ETA:   0:00:02

[K 66% (2 of 3) |#################         | Elapsed Time: 0:00:01 ETA:   0:00:00

[K100% (3 of 3) |##########################| Elapsed Time: 0:00:02 ETA:  00:00:00

[KTrain: Batch time 0.507 (0.731) Data time 0.002 (0.210) total_loss : 22.701, rec_loss : 7.872, geometry_consistency_loss : 0.000, fft_loss : 0.000, ssim_loss : 0.886, vo_loss : 4.809, vo_photo_loss : 0.151, vo_smooth_loss : 0.003, vo_geometry_loss : 0.006, vo_ssim_loss : 0.000, vo2radar_loss : 9.135
[K * Avg Loss : 22.701
[K  0% (0 of 3) |                          | Elapsed Time: 0:00:00 ETA:  --:--:--

[K 33% (1 of 3) |########                  | Elapsed Time: 0:00:00 ETA:   0:00:01

[Kvalid: Time 0.648 (0.648) Loss 8.9261 7.8380 0.0000 0.0000 0.8824 0.2057 0.1938 0.0030 0.0089 0.0000 (8.9261 7.8380 0.0000 0.0000 0.8824 0.2057 0.1938 0.0030 0.0089 0.0000)
[K 66% (2 of 3) |#################         | Elapsed Time: 0:00:00 ETA:   0:00:00

[K100% (3 of 3) |##########################| Elapsed Time: 0:00:01 ETA:  00:00:00

[K100% (3 of 3) |##########################| Elapsed Time: 0:00:01 ETA:  00:00:00

[K * Avg total_loss : 8.911, rec_loss : 7.859, geometry_consistency_loss : 0.000, fft_loss : 0.000, ssim_loss : 0.885, vo_loss : 0.167, vo_photo_loss : 0.156, vo_smooth_loss : 0.003, vo_geometry_loss : 0.008, vo_ssim_loss : 0.000
[K * Avg Loss : 8.911
[K 35% (70 of 200) |########               | Elapsed Time: 0:05:09 ETA:   0:09:35

[K  0% (0 of 3) |                          | Elapsed Time: 0:00:00 ETA:  --:--:--

[K 33% (1 of 3) |########                  | Elapsed Time: 0:00:01 ETA:   0:00:02

[K 66% (2 of 3) |#################         | Elapsed Time: 0:00:01 ETA:   0:00:00

[K100% (3 of 3) |##########################| Elapsed Time: 0:00:02 ETA:  00:00:00

[K * Avg Loss : 22.477
[K  0% (0 of 3) |                          | Elapsed Time: 0:00:00 ETA:  --:--:--

[K 33% (1 of 3) |########                  | Elapsed Time: 0:00:01 ETA:   0:00:02

[Kvalid: Time 1.127 (1.127) Loss 8.9274 7.8386 0.0000 0.0000 0.8824 0.2063 0.1938 0.0035 0.0090 0.0000 (8.9274 7.8386 0.0000 0.0000 0.8824 0.2063 0.1938 0.0035 0.0090 0.0000)
[K 66% (2 of 3) |#################         | Elapsed Time: 0:00:01 ETA:   0:00:00

[K100% (3 of 3) |##########################| Elapsed Time: 0:00:01 ETA:  00:00:00

[K100% (3 of 3) |##########################| Elapsed Time: 0:00:01 ETA:  00:00:00

[K * Avg total_loss : 8.910, rec_loss : 7.861, geometry_consistency_loss : 0.000, fft_loss : 0.000, ssim_loss : 0.885, vo_loss : 0.165, vo_photo_loss : 0.154, vo_smooth_loss : 0.004, vo_geometry_loss : 0.007, vo_ssim_loss : 0.000
[K * Avg Loss : 8.910
[K 35% (71 of 200) |########               | Elapsed Time: 0:05:14 ETA:   0:09:30

[K  0% (0 of 3) |                          | Elapsed Time: 0:00:00 ETA:  --:--:--

[K 33% (1 of 3) |########                  | Elapsed Time: 0:00:01 ETA:   0:00:02

[K 66% (2 of 3) |#################         | Elapsed Time: 0:00:01 ETA:   0:00:00

[K100% (3 of 3) |##########################| Elapsed Time: 0:00:02 ETA:  00:00:00

[K * Avg Loss : 22.649
[K  0% (0 of 3) |                          | Elapsed Time: 0:00:00 ETA:  --:--:--

[K 33% (1 of 3) |########                  | Elapsed Time: 0:00:00 ETA:   0:00:01

[Kvalid: Time 0.645 (0.645) Loss 8.9329 7.8384 0.0000 0.0000 0.8824 0.2121 0.1976 0.0031 0.0114 0.0000 (8.9329 7.8384 0.0000 0.0000 0.8824 0.2121 0.1976 0.0031 0.0114 0.0000)
[K 66% (2 of 3) |#################         | Elapsed Time: 0:00:01 ETA:   0:00:00

[K100% (3 of 3) |##########################| Elapsed Time: 0:00:01 ETA:  00:00:00

[K100% (3 of 3) |##########################| Elapsed Time: 0:00:01 ETA:  00:00:00

[K * Avg total_loss : 8.915, rec_loss : 7.860, geometry_consistency_loss : 0.000, fft_loss : 0.000, ssim_loss : 0.885, vo_loss : 0.171, vo_photo_loss : 0.158, vo_smooth_loss : 0.003, vo_geometry_loss : 0.010, vo_ssim_loss : 0.000
[K * Avg Loss : 8.915
[K 36% (72 of 200) |########               | Elapsed Time: 0:05:18 ETA:   0:09:25

[K  0% (0 of 3) |                          | Elapsed Time: 0:00:00 ETA:  --:--:--

[K 33% (1 of 3) |########                  | Elapsed Time: 0:00:01 ETA:   0:00:02

[K 66% (2 of 3) |#################         | Elapsed Time: 0:00:01 ETA:   0:00:00

[K100% (3 of 3) |##########################| Elapsed Time: 0:00:02 ETA:  00:00:00

[K * Avg Loss : 22.466
[K  0% (0 of 3) |                          | Elapsed Time: 0:00:00 ETA:  --:--:--

[K 33% (1 of 3) |########                  | Elapsed Time: 0:00:00 ETA:   0:00:01

[Kvalid: Time 0.677 (0.677) Loss 8.9267 7.8396 0.0000 0.0000 0.8825 0.2046 0.1926 0.0030 0.0090 0.0000 (8.9267 7.8396 0.0000 0.0000 0.8825 0.2046 0.1926 0.0030 0.0090 0.0000)
[K 66% (2 of 3) |#################         | Elapsed Time: 0:00:00 ETA:   0:00:00

[K100% (3 of 3) |##########################| Elapsed Time: 0:00:01 ETA:  00:00:00

[K100% (3 of 3) |##########################| Elapsed Time: 0:00:01 ETA:  00:00:00

[K * Avg total_loss : 8.908, rec_loss : 7.860, geometry_consistency_loss : 0.000, fft_loss : 0.000, ssim_loss : 0.885, vo_loss : 0.163, vo_photo_loss : 0.152, vo_smooth_loss : 0.003, vo_geometry_loss : 0.008, vo_ssim_loss : 0.000
[K * Avg Loss : 8.908
[K 36% (73 of 200) |########               | Elapsed Time: 0:05:22 ETA:   0:09:21

[K  0% (0 of 3) |                          | Elapsed Time: 0:00:00 ETA:  --:--:--

[K 33% (1 of 3) |########                  | Elapsed Time: 0:00:01 ETA:   0:00:02

[K 66% (2 of 3) |#################         | Elapsed Time: 0:00:01 ETA:   0:00:00

[K100% (3 of 3) |##########################| Elapsed Time: 0:00:02 ETA:  00:00:00

[K * Avg Loss : 22.245
[K  0% (0 of 3) |                          | Elapsed Time: 0:00:00 ETA:  --:--:--

[K 33% (1 of 3) |########                  | Elapsed Time: 0:00:01 ETA:   0:00:02

[Kvalid: Time 1.031 (1.031) Loss 8.9317 7.8385 0.0000 0.0000 0.8824 0.2108 0.1950 0.0032 0.0126 0.0000 (8.9317 7.8385 0.0000 0.0000 0.8824 0.2108 0.1950 0.0032 0.0126 0.0000)
[K 66% (2 of 3) |#################         | Elapsed Time: 0:00:01 ETA:   0:00:00

[K100% (3 of 3) |##########################| Elapsed Time: 0:00:01 ETA:  00:00:00

[K100% (3 of 3) |##########################| Elapsed Time: 0:00:01 ETA:  00:00:00

[K * Avg total_loss : 8.911, rec_loss : 7.860, geometry_consistency_loss : 0.000, fft_loss : 0.000, ssim_loss : 0.885, vo_loss : 0.166, vo_photo_loss : 0.153, vo_smooth_loss : 0.003, vo_geometry_loss : 0.010, vo_ssim_loss : 0.000
[K * Avg Loss : 8.911
[K 37% (74 of 200) |########               | Elapsed Time: 0:05:26 ETA:   0:09:16

[K  0% (0 of 3) |                          | Elapsed Time: 0:00:00 ETA:  --:--:--

[K 33% (1 of 3) |########                  | Elapsed Time: 0:00:01 ETA:   0:00:02

[K 66% (2 of 3) |#################         | Elapsed Time: 0:00:01 ETA:   0:00:00

[K100% (3 of 3) |##########################| Elapsed Time: 0:00:02 ETA:  00:00:00

[KTrain: Batch time 0.505 (0.757) Data time 0.001 (0.216) total_loss : 22.367, rec_loss : 7.851, geometry_consistency_loss : 0.000, fft_loss : 0.000, ssim_loss : 0.884, vo_loss : 4.513, vo_photo_loss : 0.140, vo_smooth_loss : 0.003, vo_geometry_loss : 0.007, vo_ssim_loss : 0.000, vo2radar_loss : 9.120
[K * Avg Loss : 22.367
[K  0% (0 of 3) |                          | Elapsed Time: 0:00:00 ETA:  --:--:--

[K 33% (1 of 3) |########                  | Elapsed Time: 0:00:00 ETA:   0:00:01

[Kvalid: Time 0.666 (0.666) Loss 8.9486 7.8413 0.0000 0.0000 0.8827 0.2245 0.2048 0.0034 0.0163 0.0000 (8.9486 7.8413 0.0000 0.0000 0.8827 0.2245 0.2048 0.0034 0.0163 0.0000)
[K 66% (2 of 3) |#################         | Elapsed Time: 0:00:00 ETA:   0:00:00

[K100% (3 of 3) |##########################| Elapsed Time: 0:00:01 ETA:  00:00:00

[K100% (3 of 3) |##########################| Elapsed Time: 0:00:01 ETA:  00:00:00

[K * Avg total_loss : 8.922, rec_loss : 7.861, geometry_consistency_loss : 0.000, fft_loss : 0.000, ssim_loss : 0.885, vo_loss : 0.175, vo_photo_loss : 0.159, vo_smooth_loss : 0.003, vo_geometry_loss : 0.013, vo_ssim_loss : 0.000
[K * Avg Loss : 8.922
[K 37% (75 of 200) |########               | Elapsed Time: 0:05:31 ETA:   0:09:12

[K  0% (0 of 3) |                          | Elapsed Time: 0:00:00 ETA:  --:--:--

[K 33% (1 of 3) |########                  | Elapsed Time: 0:00:01 ETA:   0:00:02

[K 66% (2 of 3) |#################         | Elapsed Time: 0:00:01 ETA:   0:00:00

[K100% (3 of 3) |##########################| Elapsed Time: 0:00:02 ETA:  00:00:00

[K * Avg Loss : 22.390
[K  0% (0 of 3) |                          | Elapsed Time: 0:00:00 ETA:  --:--:--

[K 33% (1 of 3) |########                  | Elapsed Time: 0:00:00 ETA:   0:00:01

[Kvalid: Time 0.647 (0.647) Loss 8.9319 7.8385 0.0000 0.0000 0.8824 0.2110 0.1962 0.0032 0.0117 0.0000 (8.9319 7.8385 0.0000 0.0000 0.8824 0.2110 0.1962 0.0032 0.0117 0.0000)
[K 66% (2 of 3) |#################         | Elapsed Time: 0:00:00 ETA:   0:00:00

[K100% (3 of 3) |##########################| Elapsed Time: 0:00:01 ETA:  00:00:00

[K100% (3 of 3) |##########################| Elapsed Time: 0:00:01 ETA:  00:00:00

[K * Avg total_loss : 8.911, rec_loss : 7.860, geometry_consistency_loss : 0.000, fft_loss : 0.000, ssim_loss : 0.885, vo_loss : 0.166, vo_photo_loss : 0.153, vo_smooth_loss : 0.003, vo_geometry_loss : 0.009, vo_ssim_loss : 0.000
[K * Avg Loss : 8.911
[K 38% (76 of 200) |########               | Elapsed Time: 0:05:36 ETA:   0:09:08

[K  0% (0 of 3) |                          | Elapsed Time: 0:00:00 ETA:  --:--:--

[K 33% (1 of 3) |########                  | Elapsed Time: 0:00:01 ETA:   0:00:02

[K 66% (2 of 3) |#################         | Elapsed Time: 0:00:01 ETA:   0:00:00

[K100% (3 of 3) |##########################| Elapsed Time: 0:00:02 ETA:  00:00:00

[K * Avg Loss : 22.314
[K  0% (0 of 3) |                          | Elapsed Time: 0:00:00 ETA:  --:--:--

[K 33% (1 of 3) |########                  | Elapsed Time: 0:00:01 ETA:   0:00:02

[Kvalid: Time 1.221 (1.221) Loss 8.9270 7.8390 0.0000 0.0000 0.8825 0.2056 0.1921 0.0032 0.0103 0.0000 (8.9270 7.8390 0.0000 0.0000 0.8825 0.2056 0.1921 0.0032 0.0103 0.0000)
[K 66% (2 of 3) |#################         | Elapsed Time: 0:00:01 ETA:   0:00:00

[K100% (3 of 3) |##########################| Elapsed Time: 0:00:01 ETA:  00:00:00

[K100% (3 of 3) |##########################| Elapsed Time: 0:00:01 ETA:  00:00:00

[K * Avg total_loss : 8.907, rec_loss : 7.860, geometry_consistency_loss : 0.000, fft_loss : 0.000, ssim_loss : 0.885, vo_loss : 0.162, vo_photo_loss : 0.151, vo_smooth_loss : 0.003, vo_geometry_loss : 0.008, vo_ssim_loss : 0.000
[K * Avg Loss : 8.907
[K 38% (77 of 200) |########               | Elapsed Time: 0:05:40 ETA:   0:09:04

[K  0% (0 of 3) |                          | Elapsed Time: 0:00:00 ETA:  --:--:--

[K 33% (1 of 3) |########                  | Elapsed Time: 0:00:01 ETA:   0:00:02

[K 66% (2 of 3) |#################         | Elapsed Time: 0:00:01 ETA:   0:00:00

[K100% (3 of 3) |##########################| Elapsed Time: 0:00:02 ETA:  00:00:00

[K * Avg Loss : 22.306
[K  0% (0 of 3) |                          | Elapsed Time: 0:00:00 ETA:  --:--:--

[K 33% (1 of 3) |########                  | Elapsed Time: 0:00:00 ETA:   0:00:01

[Kvalid: Time 0.667 (0.667) Loss 8.9328 7.8393 0.0000 0.0000 0.8825 0.2110 0.1952 0.0032 0.0126 0.0000 (8.9328 7.8393 0.0000 0.0000 0.8825 0.2110 0.1952 0.0032 0.0126 0.0000)
[K 66% (2 of 3) |#################         | Elapsed Time: 0:00:01 ETA:   0:00:00

[K100% (3 of 3) |##########################| Elapsed Time: 0:00:01 ETA:  00:00:00

[K100% (3 of 3) |##########################| Elapsed Time: 0:00:01 ETA:  00:00:00

[K * Avg total_loss : 8.909, rec_loss : 7.859, geometry_consistency_loss : 0.000, fft_loss : 0.000, ssim_loss : 0.885, vo_loss : 0.166, vo_photo_loss : 0.153, vo_smooth_loss : 0.003, vo_geometry_loss : 0.009, vo_ssim_loss : 0.000
[K * Avg Loss : 8.909
[K 39% (78 of 200) |########               | Elapsed Time: 0:05:44 ETA:   0:08:59

[K  0% (0 of 3) |                          | Elapsed Time: 0:00:00 ETA:  --:--:--

[K 33% (1 of 3) |########                  | Elapsed Time: 0:00:01 ETA:   0:00:02

[K 66% (2 of 3) |#################         | Elapsed Time: 0:00:01 ETA:   0:00:00

[K100% (3 of 3) |##########################| Elapsed Time: 0:00:02 ETA:  00:00:00

[K * Avg Loss : 22.421
[K  0% (0 of 3) |                          | Elapsed Time: 0:00:00 ETA:  --:--:--

[K 33% (1 of 3) |########                  | Elapsed Time: 0:00:01 ETA:   0:00:02

[Kvalid: Time 1.044 (1.044) Loss 8.9304 7.8372 0.0000 0.0000 0.8823 0.2109 0.1977 0.0035 0.0097 0.0000 (8.9304 7.8372 0.0000 0.0000 0.8823 0.2109 0.1977 0.0035 0.0097 0.0000)
[K 66% (2 of 3) |#################         | Elapsed Time: 0:00:01 ETA:   0:00:00

[K100% (3 of 3) |##########################| Elapsed Time: 0:00:01 ETA:  00:00:00

[K100% (3 of 3) |##########################| Elapsed Time: 0:00:01 ETA:  00:00:00

[K * Avg total_loss : 8.910, rec_loss : 7.858, geometry_consistency_loss : 0.000, fft_loss : 0.000, ssim_loss : 0.884, vo_loss : 0.168, vo_photo_loss : 0.157, vo_smooth_loss : 0.004, vo_geometry_loss : 0.008, vo_ssim_loss : 0.000
[K * Avg Loss : 8.910
[K 39% (79 of 200) |#########              | Elapsed Time: 0:05:49 ETA:   0:08:54

[K  0% (0 of 3) |                          | Elapsed Time: 0:00:00 ETA:  --:--:--

[K 33% (1 of 3) |########                  | Elapsed Time: 0:00:01 ETA:   0:00:02

[K 66% (2 of 3) |#################         | Elapsed Time: 0:00:01 ETA:   0:00:00

[K100% (3 of 3) |##########################| Elapsed Time: 0:00:02 ETA:  00:00:00

[KTrain: Batch time 0.511 (0.724) Data time 0.002 (0.200) total_loss : 22.625, rec_loss : 7.877, geometry_consistency_loss : 0.000, fft_loss : 0.000, ssim_loss : 0.887, vo_loss : 4.739, vo_photo_loss : 0.149, vo_smooth_loss : 0.004, vo_geometry_loss : 0.006, vo_ssim_loss : 0.000, vo2radar_loss : 9.123
[K * Avg Loss : 22.625
[K  0% (0 of 3) |                          | Elapsed Time: 0:00:00 ETA:  --:--:--

[K 33% (1 of 3) |########                  | Elapsed Time: 0:00:00 ETA:   0:00:01

[Kvalid: Time 0.640 (0.640) Loss 8.9238 7.8381 0.0000 0.0000 0.8824 0.2033 0.1928 0.0034 0.0071 0.0000 (8.9238 7.8381 0.0000 0.0000 0.8824 0.2033 0.1928 0.0034 0.0071 0.0000)
[K 66% (2 of 3) |#################         | Elapsed Time: 0:00:00 ETA:   0:00:00

[K100% (3 of 3) |##########################| Elapsed Time: 0:00:01 ETA:  00:00:00

[K100% (3 of 3) |##########################| Elapsed Time: 0:00:01 ETA:  00:00:00

[K * Avg total_loss : 8.907, rec_loss : 7.859, geometry_consistency_loss : 0.000, fft_loss : 0.000, ssim_loss : 0.885, vo_loss : 0.163, vo_photo_loss : 0.153, vo_smooth_loss : 0.003, vo_geometry_loss : 0.006, vo_ssim_loss : 0.000
[K * Avg Loss : 8.907
[K 40% (80 of 200) |#########              | Elapsed Time: 0:05:53 ETA:   0:08:50

[K  0% (0 of 3) |                          | Elapsed Time: 0:00:00 ETA:  --:--:--

[K 33% (1 of 3) |########                  | Elapsed Time: 0:00:01 ETA:   0:00:02

[K 66% (2 of 3) |#################         | Elapsed Time: 0:00:01 ETA:   0:00:00

[K100% (3 of 3) |##########################| Elapsed Time: 0:00:02 ETA:  00:00:00

[K * Avg Loss : 22.340
[K  0% (0 of 3) |                          | Elapsed Time: 0:00:00 ETA:  --:--:--

[K 33% (1 of 3) |########                  | Elapsed Time: 0:00:01 ETA:   0:00:02

[Kvalid: Time 1.098 (1.098) Loss 8.9212 7.8369 0.0000 0.0000 0.8822 0.2021 0.1929 0.0033 0.0058 0.0000 (8.9212 7.8369 0.0000 0.0000 0.8822 0.2021 0.1929 0.0033 0.0058 0.0000)
[K 66% (2 of 3) |#################         | Elapsed Time: 0:00:01 ETA:   0:00:00

[K100% (3 of 3) |##########################| Elapsed Time: 0:00:01 ETA:  00:00:00

[K100% (3 of 3) |##########################| Elapsed Time: 0:00:01 ETA:  00:00:00

[K * Avg total_loss : 8.907, rec_loss : 7.860, geometry_consistency_loss : 0.000, fft_loss : 0.000, ssim_loss : 0.885, vo_loss : 0.163, vo_photo_loss : 0.154, vo_smooth_loss : 0.003, vo_geometry_loss : 0.006, vo_ssim_loss : 0.000
[K * Avg Loss : 8.907
[K 40% (81 of 200) |#########              | Elapsed Time: 0:05:58 ETA:   0:08:46

[K  0% (0 of 3) |                          | Elapsed Time: 0:00:00 ETA:  --:--:--

[K 33% (1 of 3) |########                  | Elapsed Time: 0:00:01 ETA:   0:00:02

[K 66% (2 of 3) |#################         | Elapsed Time: 0:00:01 ETA:   0:00:00

[K100% (3 of 3) |##########################| Elapsed Time: 0:00:02 ETA:  00:00:00

[K * Avg Loss : 22.328
[K  0% (0 of 3) |                          | Elapsed Time: 0:00:00 ETA:  --:--:--

[K 33% (1 of 3) |########                  | Elapsed Time: 0:00:00 ETA:   0:00:01

[Kvalid: Time 0.639 (0.639) Loss 8.9205 7.8366 0.0000 0.0000 0.8822 0.2017 0.1910 0.0034 0.0073 0.0000 (8.9205 7.8366 0.0000 0.0000 0.8822 0.2017 0.1910 0.0034 0.0073 0.0000)
[K 66% (2 of 3) |#################         | Elapsed Time: 0:00:01 ETA:   0:00:00

[K100% (3 of 3) |##########################| Elapsed Time: 0:00:01 ETA:  00:00:00

[K100% (3 of 3) |##########################| Elapsed Time: 0:00:01 ETA:  00:00:00

[K * Avg total_loss : 8.908, rec_loss : 7.860, geometry_consistency_loss : 0.000, fft_loss : 0.000, ssim_loss : 0.885, vo_loss : 0.164, vo_photo_loss : 0.153, vo_smooth_loss : 0.003, vo_geometry_loss : 0.007, vo_ssim_loss : 0.000
[K * Avg Loss : 8.908
[K 41% (82 of 200) |#########              | Elapsed Time: 0:06:02 ETA:   0:08:41

[K  0% (0 of 3) |                          | Elapsed Time: 0:00:00 ETA:  --:--:--

[K 33% (1 of 3) |########                  | Elapsed Time: 0:00:01 ETA:   0:00:02

[K 66% (2 of 3) |#################         | Elapsed Time: 0:00:01 ETA:   0:00:00

[K100% (3 of 3) |##########################| Elapsed Time: 0:00:02 ETA:  00:00:00

[K * Avg Loss : 22.241
[K  0% (0 of 3) |                          | Elapsed Time: 0:00:00 ETA:  --:--:--

[K 33% (1 of 3) |########                  | Elapsed Time: 0:00:00 ETA:   0:00:01

[Kvalid: Time 0.707 (0.707) Loss 8.9190 7.8352 0.0000 0.0000 0.8820 0.2018 0.1915 0.0034 0.0069 0.0000 (8.9190 7.8352 0.0000 0.0000 0.8820 0.2018 0.1915 0.0034 0.0069 0.0000)
[K 66% (2 of 3) |#################         | Elapsed Time: 0:00:01 ETA:   0:00:00

[K100% (3 of 3) |##########################| Elapsed Time: 0:00:01 ETA:  00:00:00

[K100% (3 of 3) |##########################| Elapsed Time: 0:00:01 ETA:  00:00:00

[K * Avg total_loss : 8.905, rec_loss : 7.858, geometry_consistency_loss : 0.000, fft_loss : 0.000, ssim_loss : 0.884, vo_loss : 0.162, vo_photo_loss : 0.153, vo_smooth_loss : 0.003, vo_geometry_loss : 0.006, vo_ssim_loss : 0.000
[K * Avg Loss : 8.905
[K 41% (83 of 200) |#########              | Elapsed Time: 0:06:06 ETA:   0:08:37

[K  0% (0 of 3) |                          | Elapsed Time: 0:00:00 ETA:  --:--:--

[K 33% (1 of 3) |########                  | Elapsed Time: 0:00:01 ETA:   0:00:02

[K 66% (2 of 3) |#################         | Elapsed Time: 0:00:01 ETA:   0:00:00

[K100% (3 of 3) |##########################| Elapsed Time: 0:00:02 ETA:  00:00:00

[K * Avg Loss : 22.430
[K  0% (0 of 3) |                          | Elapsed Time: 0:00:00 ETA:  --:--:--

[K 33% (1 of 3) |########                  | Elapsed Time: 0:00:01 ETA:   0:00:02

[Kvalid: Time 1.101 (1.101) Loss 8.9256 7.8404 0.0000 0.0000 0.8826 0.2026 0.1923 0.0036 0.0067 0.0000 (8.9256 7.8404 0.0000 0.0000 0.8826 0.2026 0.1923 0.0036 0.0067 0.0000)
[K 66% (2 of 3) |#################         | Elapsed Time: 0:00:01 ETA:   0:00:00

[K100% (3 of 3) |##########################| Elapsed Time: 0:00:01 ETA:  00:00:00

[K100% (3 of 3) |##########################| Elapsed Time: 0:00:01 ETA:  00:00:00

[K * Avg total_loss : 8.910, rec_loss : 7.861, geometry_consistency_loss : 0.000, fft_loss : 0.000, ssim_loss : 0.885, vo_loss : 0.165, vo_photo_loss : 0.155, vo_smooth_loss : 0.004, vo_geometry_loss : 0.006, vo_ssim_loss : 0.000
[K * Avg Loss : 8.910
[K 42% (84 of 200) |#########              | Elapsed Time: 0:06:11 ETA:   0:08:32

[K  0% (0 of 3) |                          | Elapsed Time: 0:00:00 ETA:  --:--:--

[K 33% (1 of 3) |########                  | Elapsed Time: 0:00:01 ETA:   0:00:02

[K 66% (2 of 3) |#################         | Elapsed Time: 0:00:01 ETA:   0:00:00

[K100% (3 of 3) |##########################| Elapsed Time: 0:00:02 ETA:  00:00:00

[KTrain: Batch time 0.509 (0.755) Data time 0.002 (0.197) total_loss : 22.319, rec_loss : 7.886, geometry_consistency_loss : 0.000, fft_loss : 0.000, ssim_loss : 0.888, vo_loss : 4.437, vo_photo_loss : 0.138, vo_smooth_loss : 0.004, vo_geometry_loss : 0.006, vo_ssim_loss : 0.000, vo2radar_loss : 9.109
[K * Avg Loss : 22.319
[K  0% (0 of 3) |                          | Elapsed Time: 0:00:00 ETA:  --:--:--

[K 33% (1 of 3) |########                  | Elapsed Time: 0:00:00 ETA:   0:00:01

[Kvalid: Time 0.642 (0.642) Loss 8.9269 7.8390 0.0000 0.0000 0.8825 0.2054 0.1933 0.0034 0.0087 0.0000 (8.9269 7.8390 0.0000 0.0000 0.8825 0.2054 0.1933 0.0034 0.0087 0.0000)
[K 66% (2 of 3) |#################         | Elapsed Time: 0:00:01 ETA:   0:00:00

[K100% (3 of 3) |##########################| Elapsed Time: 0:00:01 ETA:  00:00:00

[K100% (3 of 3) |##########################| Elapsed Time: 0:00:01 ETA:  00:00:00

[K * Avg total_loss : 8.909, rec_loss : 7.860, geometry_consistency_loss : 0.000, fft_loss : 0.000, ssim_loss : 0.885, vo_loss : 0.164, vo_photo_loss : 0.154, vo_smooth_loss : 0.003, vo_geometry_loss : 0.007, vo_ssim_loss : 0.000
[K * Avg Loss : 8.909
[K 42% (85 of 200) |#########              | Elapsed Time: 0:06:16 ETA:   0:08:28

[K  0% (0 of 3) |                          | Elapsed Time: 0:00:00 ETA:  --:--:--

[K 33% (1 of 3) |########                  | Elapsed Time: 0:00:01 ETA:   0:00:02

[K 66% (2 of 3) |#################         | Elapsed Time: 0:00:01 ETA:   0:00:00

[K100% (3 of 3) |##########################| Elapsed Time: 0:00:02 ETA:  00:00:00

[K * Avg Loss : 22.323
[K  0% (0 of 3) |                          | Elapsed Time: 0:00:00 ETA:  --:--:--

[K 33% (1 of 3) |########                  | Elapsed Time: 0:00:00 ETA:   0:00:01

[Kvalid: Time 0.637 (0.637) Loss 8.9221 7.8397 0.0000 0.0000 0.8825 0.2000 0.1888 0.0035 0.0076 0.0000 (8.9221 7.8397 0.0000 0.0000 0.8825 0.2000 0.1888 0.0035 0.0076 0.0000)
[K 66% (2 of 3) |#################         | Elapsed Time: 0:00:01 ETA:   0:00:00

[K100% (3 of 3) |##########################| Elapsed Time: 0:00:01 ETA:  00:00:00

[K100% (3 of 3) |##########################| Elapsed Time: 0:00:01 ETA:  00:00:00

[K * Avg total_loss : 8.904, rec_loss : 7.860, geometry_consistency_loss : 0.000, fft_loss : 0.000, ssim_loss : 0.885, vo_loss : 0.159, vo_photo_loss : 0.150, vo_smooth_loss : 0.004, vo_geometry_loss : 0.006, vo_ssim_loss : 0.000
[K * Avg Loss : 8.904
[K 43% (86 of 200) |#########              | Elapsed Time: 0:06:20 ETA:   0:08:24

[K  0% (0 of 3) |                          | Elapsed Time: 0:00:00 ETA:  --:--:--

[K 33% (1 of 3) |########                  | Elapsed Time: 0:00:01 ETA:   0:00:02

[K 66% (2 of 3) |#################         | Elapsed Time: 0:00:01 ETA:   0:00:00

[K100% (3 of 3) |##########################| Elapsed Time: 0:00:02 ETA:  00:00:00

[K * Avg Loss : 22.299
[K  0% (0 of 3) |                          | Elapsed Time: 0:00:00 ETA:  --:--:--

[K 33% (1 of 3) |########                  | Elapsed Time: 0:00:01 ETA:   0:00:02

[Kvalid: Time 1.117 (1.117) Loss 8.9227 7.8385 0.0000 0.0000 0.8824 0.2018 0.1905 0.0034 0.0079 0.0000 (8.9227 7.8385 0.0000 0.0000 0.8824 0.2018 0.1905 0.0034 0.0079 0.0000)
[K 66% (2 of 3) |#################         | Elapsed Time: 0:00:01 ETA:   0:00:00

[K100% (3 of 3) |##########################| Elapsed Time: 0:00:01 ETA:  00:00:00

[K100% (3 of 3) |##########################| Elapsed Time: 0:00:01 ETA:  00:00:00

[K * Avg total_loss : 8.905, rec_loss : 7.860, geometry_consistency_loss : 0.000, fft_loss : 0.000, ssim_loss : 0.885, vo_loss : 0.161, vo_photo_loss : 0.151, vo_smooth_loss : 0.003, vo_geometry_loss : 0.006, vo_ssim_loss : 0.000
[K * Avg Loss : 8.905
[K 43% (87 of 200) |##########             | Elapsed Time: 0:06:24 ETA:   0:08:19

[K  0% (0 of 3) |                          | Elapsed Time: 0:00:00 ETA:  --:--:--

[K 33% (1 of 3) |########                  | Elapsed Time: 0:00:01 ETA:   0:00:02

[K 66% (2 of 3) |#################         | Elapsed Time: 0:00:01 ETA:   0:00:00

[K100% (3 of 3) |##########################| Elapsed Time: 0:00:02 ETA:  00:00:00

[K * Avg Loss : 22.458
[K  0% (0 of 3) |                          | Elapsed Time: 0:00:00 ETA:  --:--:--

[K 33% (1 of 3) |########                  | Elapsed Time: 0:00:00 ETA:   0:00:01

[Kvalid: Time 0.654 (0.654) Loss 8.9234 7.8373 0.0000 0.0000 0.8823 0.2038 0.1925 0.0035 0.0078 0.0000 (8.9234 7.8373 0.0000 0.0000 0.8823 0.2038 0.1925 0.0035 0.0078 0.0000)
[K 66% (2 of 3) |#################         | Elapsed Time: 0:00:01 ETA:   0:00:00

[K100% (3 of 3) |##########################| Elapsed Time: 0:00:01 ETA:  00:00:00

[K100% (3 of 3) |##########################| Elapsed Time: 0:00:01 ETA:  00:00:00

[K * Avg total_loss : 8.906, rec_loss : 7.859, geometry_consistency_loss : 0.000, fft_loss : 0.000, ssim_loss : 0.885, vo_loss : 0.162, vo_photo_loss : 0.152, vo_smooth_loss : 0.004, vo_geometry_loss : 0.007, vo_ssim_loss : 0.000
[K * Avg Loss : 8.906
[K 44% (88 of 200) |##########             | Elapsed Time: 0:06:28 ETA:   0:08:15

[K  0% (0 of 3) |                          | Elapsed Time: 0:00:00 ETA:  --:--:--

[K 33% (1 of 3) |########                  | Elapsed Time: 0:00:01 ETA:   0:00:02

[K 66% (2 of 3) |#################         | Elapsed Time: 0:00:01 ETA:   0:00:00

[K100% (3 of 3) |##########################| Elapsed Time: 0:00:02 ETA:  00:00:00

[K * Avg Loss : 22.390
[K  0% (0 of 3) |                          | Elapsed Time: 0:00:00 ETA:  --:--:--

[K 33% (1 of 3) |########                  | Elapsed Time: 0:00:00 ETA:   0:00:01

[Kvalid: Time 0.657 (0.657) Loss 8.9213 7.8391 0.0000 0.0000 0.8825 0.1998 0.1897 0.0034 0.0067 0.0000 (8.9213 7.8391 0.0000 0.0000 0.8825 0.1998 0.1897 0.0034 0.0067 0.0000)
[K 66% (2 of 3) |#################         | Elapsed Time: 0:00:01 ETA:   0:00:00

[K100% (3 of 3) |##########################| Elapsed Time: 0:00:01 ETA:  00:00:00

[K100% (3 of 3) |##########################| Elapsed Time: 0:00:01 ETA:  00:00:00

[K * Avg total_loss : 8.905, rec_loss : 7.860, geometry_consistency_loss : 0.000, fft_loss : 0.000, ssim_loss : 0.885, vo_loss : 0.161, vo_photo_loss : 0.151, vo_smooth_loss : 0.003, vo_geometry_loss : 0.006, vo_ssim_loss : 0.000
[K * Avg Loss : 8.905
[K 44% (89 of 200) |##########             | Elapsed Time: 0:06:33 ETA:   0:08:10

[K  0% (0 of 3) |                          | Elapsed Time: 0:00:00 ETA:  --:--:--

[K 33% (1 of 3) |########                  | Elapsed Time: 0:00:01 ETA:   0:00:02

[K 66% (2 of 3) |#################         | Elapsed Time: 0:00:01 ETA:   0:00:00

[K100% (3 of 3) |##########################| Elapsed Time: 0:00:02 ETA:  00:00:00

[KTrain: Batch time 0.507 (0.723) Data time 0.002 (0.201) total_loss : 22.460, rec_loss : 7.859, geometry_consistency_loss : 0.000, fft_loss : 0.000, ssim_loss : 0.885, vo_loss : 4.602, vo_photo_loss : 0.144, vo_smooth_loss : 0.004, vo_geometry_loss : 0.006, vo_ssim_loss : 0.000, vo2radar_loss : 9.115
[K * Avg Loss : 22.460
[K  0% (0 of 3) |                          | Elapsed Time: 0:00:00 ETA:  --:--:--

[K 33% (1 of 3) |########                  | Elapsed Time: 0:00:01 ETA:   0:00:02

[Kvalid: Time 1.065 (1.065) Loss 8.9213 7.8387 0.0000 0.0000 0.8824 0.2001 0.1905 0.0035 0.0061 0.0000 (8.9213 7.8387 0.0000 0.0000 0.8824 0.2001 0.1905 0.0035 0.0061 0.0000)
[K 66% (2 of 3) |#################         | Elapsed Time: 0:00:01 ETA:   0:00:00

[K100% (3 of 3) |##########################| Elapsed Time: 0:00:01 ETA:  00:00:00

[K100% (3 of 3) |##########################| Elapsed Time: 0:00:01 ETA:  00:00:00

[K * Avg total_loss : 8.906, rec_loss : 7.861, geometry_consistency_loss : 0.000, fft_loss : 0.000, ssim_loss : 0.885, vo_loss : 0.160, vo_photo_loss : 0.151, vo_smooth_loss : 0.004, vo_geometry_loss : 0.006, vo_ssim_loss : 0.000
[K * Avg Loss : 8.906
[K 45% (90 of 200) |##########             | Elapsed Time: 0:06:38 ETA:   0:08:06

[K  0% (0 of 3) |                          | Elapsed Time: 0:00:00 ETA:  --:--:--

[K 33% (1 of 3) |########                  | Elapsed Time: 0:00:01 ETA:   0:00:02

[K 66% (2 of 3) |#################         | Elapsed Time: 0:00:01 ETA:   0:00:00

[K100% (3 of 3) |##########################| Elapsed Time: 0:00:02 ETA:  00:00:00

[K * Avg Loss : 22.423
[K  0% (0 of 3) |                          | Elapsed Time: 0:00:00 ETA:  --:--:--

[K 33% (1 of 3) |########                  | Elapsed Time: 0:00:01 ETA:   0:00:02

[Kvalid: Time 1.104 (1.104) Loss 8.9214 7.8392 0.0000 0.0000 0.8825 0.1998 0.1896 0.0037 0.0065 0.0000 (8.9214 7.8392 0.0000 0.0000 0.8825 0.1998 0.1896 0.0037 0.0065 0.0000)
[K 66% (2 of 3) |#################         | Elapsed Time: 0:00:01 ETA:   0:00:00

[K100% (3 of 3) |##########################| Elapsed Time: 0:00:01 ETA:  00:00:00

[K100% (3 of 3) |##########################| Elapsed Time: 0:00:01 ETA:  00:00:00

[K * Avg total_loss : 8.905, rec_loss : 7.860, geometry_consistency_loss : 0.000, fft_loss : 0.000, ssim_loss : 0.885, vo_loss : 0.160, vo_photo_loss : 0.151, vo_smooth_loss : 0.004, vo_geometry_loss : 0.005, vo_ssim_loss : 0.000
[K * Avg Loss : 8.905
[K 45% (91 of 200) |##########             | Elapsed Time: 0:06:42 ETA:   0:08:02

[K  0% (0 of 3) |                          | Elapsed Time: 0:00:00 ETA:  --:--:--

[K 33% (1 of 3) |########                  | Elapsed Time: 0:00:01 ETA:   0:00:02

[K 66% (2 of 3) |#################         | Elapsed Time: 0:00:01 ETA:   0:00:00

[K100% (3 of 3) |##########################| Elapsed Time: 0:00:02 ETA:  00:00:00

[K * Avg Loss : 22.600
[K  0% (0 of 3) |                          | Elapsed Time: 0:00:00 ETA:  --:--:--

[K 33% (1 of 3) |########                  | Elapsed Time: 0:00:00 ETA:   0:00:01

[Kvalid: Time 0.613 (0.613) Loss 8.9225 7.8391 0.0000 0.0000 0.8825 0.2009 0.1900 0.0035 0.0074 0.0000 (8.9225 7.8391 0.0000 0.0000 0.8825 0.2009 0.1900 0.0035 0.0074 0.0000)
[K 66% (2 of 3) |#################         | Elapsed Time: 0:00:00 ETA:   0:00:00

[K100% (3 of 3) |##########################| Elapsed Time: 0:00:01 ETA:  00:00:00

[K100% (3 of 3) |##########################| Elapsed Time: 0:00:01 ETA:  00:00:00

[K * Avg total_loss : 8.904, rec_loss : 7.859, geometry_consistency_loss : 0.000, fft_loss : 0.000, ssim_loss : 0.885, vo_loss : 0.160, vo_photo_loss : 0.151, vo_smooth_loss : 0.003, vo_geometry_loss : 0.006, vo_ssim_loss : 0.000
[K * Avg Loss : 8.904
[K 46% (92 of 200) |##########             | Elapsed Time: 0:06:46 ETA:   0:07:57

[K  0% (0 of 3) |                          | Elapsed Time: 0:00:00 ETA:  --:--:--

[K 33% (1 of 3) |########                  | Elapsed Time: 0:00:01 ETA:   0:00:02

[K 66% (2 of 3) |#################         | Elapsed Time: 0:00:01 ETA:   0:00:00

[K100% (3 of 3) |##########################| Elapsed Time: 0:00:02 ETA:  00:00:00

[K * Avg Loss : 22.483
[K  0% (0 of 3) |                          | Elapsed Time: 0:00:00 ETA:  --:--:--

[K 33% (1 of 3) |########                  | Elapsed Time: 0:00:00 ETA:   0:00:01

[Kvalid: Time 0.660 (0.660) Loss 8.9210 7.8383 0.0000 0.0000 0.8824 0.2003 0.1897 0.0035 0.0071 0.0000 (8.9210 7.8383 0.0000 0.0000 0.8824 0.2003 0.1897 0.0035 0.0071 0.0000)
[K 66% (2 of 3) |#################         | Elapsed Time: 0:00:00 ETA:   0:00:00

[K100% (3 of 3) |##########################| Elapsed Time: 0:00:01 ETA:  00:00:00

[K100% (3 of 3) |##########################| Elapsed Time: 0:00:01 ETA:  00:00:00

[K * Avg total_loss : 8.904, rec_loss : 7.859, geometry_consistency_loss : 0.000, fft_loss : 0.000, ssim_loss : 0.885, vo_loss : 0.160, vo_photo_loss : 0.151, vo_smooth_loss : 0.004, vo_geometry_loss : 0.006, vo_ssim_loss : 0.000
[K * Avg Loss : 8.904
[K 46% (93 of 200) |##########             | Elapsed Time: 0:06:51 ETA:   0:07:53

[K  0% (0 of 3) |                          | Elapsed Time: 0:00:00 ETA:  --:--:--

[K 33% (1 of 3) |########                  | Elapsed Time: 0:00:01 ETA:   0:00:02

[K 66% (2 of 3) |#################         | Elapsed Time: 0:00:01 ETA:   0:00:00

[K100% (3 of 3) |##########################| Elapsed Time: 0:00:02 ETA:  00:00:00

[K * Avg Loss : 22.312
[K  0% (0 of 3) |                          | Elapsed Time: 0:00:00 ETA:  --:--:--

[K 33% (1 of 3) |########                  | Elapsed Time: 0:00:01 ETA:   0:00:02

[Kvalid: Time 1.038 (1.038) Loss 8.9239 7.8394 0.0000 0.0000 0.8825 0.2020 0.1908 0.0035 0.0076 0.0000 (8.9239 7.8394 0.0000 0.0000 0.8825 0.2020 0.1908 0.0035 0.0076 0.0000)
[K 66% (2 of 3) |#################         | Elapsed Time: 0:00:01 ETA:   0:00:00

[K100% (3 of 3) |##########################| Elapsed Time: 0:00:01 ETA:  00:00:00

[K100% (3 of 3) |##########################| Elapsed Time: 0:00:01 ETA:  00:00:00

[K * Avg total_loss : 8.904, rec_loss : 7.859, geometry_consistency_loss : 0.000, fft_loss : 0.000, ssim_loss : 0.885, vo_loss : 0.160, vo_photo_loss : 0.151, vo_smooth_loss : 0.004, vo_geometry_loss : 0.006, vo_ssim_loss : 0.000
[K * Avg Loss : 8.904
[K 47% (94 of 200) |##########             | Elapsed Time: 0:06:55 ETA:   0:07:48

[K  0% (0 of 3) |                          | Elapsed Time: 0:00:00 ETA:  --:--:--

[K 33% (1 of 3) |########                  | Elapsed Time: 0:00:01 ETA:   0:00:02

[K 66% (2 of 3) |#################         | Elapsed Time: 0:00:01 ETA:   0:00:00

[K100% (3 of 3) |##########################| Elapsed Time: 0:00:02 ETA:  00:00:00

[KTrain: Batch time 0.509 (0.726) Data time 0.001 (0.206) total_loss : 22.326, rec_loss : 7.878, geometry_consistency_loss : 0.000, fft_loss : 0.000, ssim_loss : 0.887, vo_loss : 4.460, vo_photo_loss : 0.140, vo_smooth_loss : 0.004, vo_geometry_loss : 0.005, vo_ssim_loss : 0.000, vo2radar_loss : 9.102
[K * Avg Loss : 22.326
[K  0% (0 of 3) |                          | Elapsed Time: 0:00:00 ETA:  --:--:--

[K 33% (1 of 3) |########                  | Elapsed Time: 0:00:01 ETA:   0:00:02

[Kvalid: Time 1.035 (1.035) Loss 8.9208 7.8379 0.0000 0.0000 0.8823 0.2005 0.1902 0.0035 0.0068 0.0000 (8.9208 7.8379 0.0000 0.0000 0.8823 0.2005 0.1902 0.0035 0.0068 0.0000)
[K 66% (2 of 3) |#################         | Elapsed Time: 0:00:01 ETA:   0:00:00

[K100% (3 of 3) |##########################| Elapsed Time: 0:00:01 ETA:  00:00:00

[K100% (3 of 3) |##########################| Elapsed Time: 0:00:01 ETA:  00:00:00

[K * Avg total_loss : 8.906, rec_loss : 7.860, geometry_consistency_loss : 0.000, fft_loss : 0.000, ssim_loss : 0.885, vo_loss : 0.161, vo_photo_loss : 0.151, vo_smooth_loss : 0.004, vo_geometry_loss : 0.006, vo_ssim_loss : 0.000
[K * Avg Loss : 8.906
[K 47% (95 of 200) |##########             | Elapsed Time: 0:07:00 ETA:   0:07:44

[K  0% (0 of 3) |                          | Elapsed Time: 0:00:00 ETA:  --:--:--

[K 33% (1 of 3) |########                  | Elapsed Time: 0:00:01 ETA:   0:00:02

[K 66% (2 of 3) |#################         | Elapsed Time: 0:00:01 ETA:   0:00:00

[K100% (3 of 3) |##########################| Elapsed Time: 0:00:02 ETA:  00:00:00

[K * Avg Loss : 22.282
[K  0% (0 of 3) |                          | Elapsed Time: 0:00:00 ETA:  --:--:--

[K 33% (1 of 3) |########                  | Elapsed Time: 0:00:01 ETA:   0:00:02

[Kvalid: Time 1.080 (1.080) Loss 8.9198 7.8395 0.0000 0.0000 0.8825 0.1977 0.1877 0.0035 0.0064 0.0000 (8.9198 7.8395 0.0000 0.0000 0.8825 0.1977 0.1877 0.0035 0.0064 0.0000)
[K 66% (2 of 3) |#################         | Elapsed Time: 0:00:01 ETA:   0:00:00

[K100% (3 of 3) |##########################| Elapsed Time: 0:00:01 ETA:  00:00:00

[K100% (3 of 3) |##########################| Elapsed Time: 0:00:01 ETA:  00:00:00

[K * Avg total_loss : 8.904, rec_loss : 7.860, geometry_consistency_loss : 0.000, fft_loss : 0.000, ssim_loss : 0.885, vo_loss : 0.159, vo_photo_loss : 0.150, vo_smooth_loss : 0.004, vo_geometry_loss : 0.006, vo_ssim_loss : 0.000
[K * Avg Loss : 8.904
[K 48% (96 of 200) |###########            | Elapsed Time: 0:07:04 ETA:   0:07:40

[K  0% (0 of 3) |                          | Elapsed Time: 0:00:00 ETA:  --:--:--

[K 33% (1 of 3) |########                  | Elapsed Time: 0:00:01 ETA:   0:00:02

[K 66% (2 of 3) |#################         | Elapsed Time: 0:00:01 ETA:   0:00:00

[K100% (3 of 3) |##########################| Elapsed Time: 0:00:02 ETA:  00:00:00

[K * Avg Loss : 22.285
[K  0% (0 of 3) |                          | Elapsed Time: 0:00:00 ETA:  --:--:--

[K 33% (1 of 3) |########                  | Elapsed Time: 0:00:00 ETA:   0:00:01

[Kvalid: Time 0.713 (0.713) Loss 8.9227 7.8387 0.0000 0.0000 0.8824 0.2016 0.1909 0.0034 0.0072 0.0000 (8.9227 7.8387 0.0000 0.0000 0.8824 0.2016 0.1909 0.0034 0.0072 0.0000)
[K 66% (2 of 3) |#################         | Elapsed Time: 0:00:01 ETA:   0:00:00

[K100% (3 of 3) |##########################| Elapsed Time: 0:00:01 ETA:  00:00:00

[K100% (3 of 3) |##########################| Elapsed Time: 0:00:01 ETA:  00:00:00

[K * Avg total_loss : 8.902, rec_loss : 7.859, geometry_consistency_loss : 0.000, fft_loss : 0.000, ssim_loss : 0.885, vo_loss : 0.159, vo_photo_loss : 0.149, vo_smooth_loss : 0.003, vo_geometry_loss : 0.006, vo_ssim_loss : 0.000
[K * Avg Loss : 8.902
[K 48% (97 of 200) |###########            | Elapsed Time: 0:07:09 ETA:   0:07:35

[K  0% (0 of 3) |                          | Elapsed Time: 0:00:00 ETA:  --:--:--

[K 33% (1 of 3) |########                  | Elapsed Time: 0:00:01 ETA:   0:00:02

[K 66% (2 of 3) |#################         | Elapsed Time: 0:00:01 ETA:   0:00:00

[K100% (3 of 3) |##########################| Elapsed Time: 0:00:02 ETA:  00:00:00

[K * Avg Loss : 22.424
[K  0% (0 of 3) |                          | Elapsed Time: 0:00:00 ETA:  --:--:--

[K 33% (1 of 3) |########                  | Elapsed Time: 0:00:01 ETA:   0:00:02

[Kvalid: Time 1.027 (1.027) Loss 8.9173 7.8391 0.0000 0.0000 0.8825 0.1957 0.1866 0.0035 0.0056 0.0000 (8.9173 7.8391 0.0000 0.0000 0.8825 0.1957 0.1866 0.0035 0.0056 0.0000)
[K 66% (2 of 3) |#################         | Elapsed Time: 0:00:01 ETA:   0:00:00

[K100% (3 of 3) |##########################| Elapsed Time: 0:00:01 ETA:  00:00:00

[K100% (3 of 3) |##########################| Elapsed Time: 0:00:01 ETA:  00:00:00

[K * Avg total_loss : 8.904, rec_loss : 7.860, geometry_consistency_loss : 0.000, fft_loss : 0.000, ssim_loss : 0.885, vo_loss : 0.159, vo_photo_loss : 0.150, vo_smooth_loss : 0.004, vo_geometry_loss : 0.005, vo_ssim_loss : 0.000
[K * Avg Loss : 8.904
[K 49% (98 of 200) |###########            | Elapsed Time: 0:07:13 ETA:   0:07:31

[K  0% (0 of 3) |                          | Elapsed Time: 0:00:00 ETA:  --:--:--

[K 33% (1 of 3) |########                  | Elapsed Time: 0:00:01 ETA:   0:00:02

[K 66% (2 of 3) |#################         | Elapsed Time: 0:00:01 ETA:   0:00:00

[K100% (3 of 3) |##########################| Elapsed Time: 0:00:02 ETA:  00:00:00

[K * Avg Loss : 22.021
[K  0% (0 of 3) |                          | Elapsed Time: 0:00:00 ETA:  --:--:--

[K 33% (1 of 3) |########                  | Elapsed Time: 0:00:00 ETA:   0:00:01

[Kvalid: Time 0.615 (0.615) Loss 8.9186 7.8388 0.0000 0.0000 0.8824 0.1973 0.1883 0.0035 0.0055 0.0000 (8.9186 7.8388 0.0000 0.0000 0.8824 0.1973 0.1883 0.0035 0.0055 0.0000)
[K 66% (2 of 3) |#################         | Elapsed Time: 0:00:00 ETA:   0:00:00

[K100% (3 of 3) |##########################| Elapsed Time: 0:00:01 ETA:  00:00:00

[K100% (3 of 3) |##########################| Elapsed Time: 0:00:01 ETA:  00:00:00

[K * Avg total_loss : 8.902, rec_loss : 7.860, geometry_consistency_loss : 0.000, fft_loss : 0.000, ssim_loss : 0.885, vo_loss : 0.158, vo_photo_loss : 0.149, vo_smooth_loss : 0.004, vo_geometry_loss : 0.005, vo_ssim_loss : 0.000
[K * Avg Loss : 8.902
[K 49% (99 of 200) |###########            | Elapsed Time: 0:07:18 ETA:   0:07:27

[K  0% (0 of 3) |                          | Elapsed Time: 0:00:00 ETA:  --:--:--

[K 33% (1 of 3) |########                  | Elapsed Time: 0:00:01 ETA:   0:00:02

[K 66% (2 of 3) |#################         | Elapsed Time: 0:00:01 ETA:   0:00:00

[K100% (3 of 3) |##########################| Elapsed Time: 0:00:02 ETA:  00:00:00

[KTrain: Batch time 0.501 (0.724) Data time 0.001 (0.194) total_loss : 22.208, rec_loss : 7.835, geometry_consistency_loss : 0.000, fft_loss : 0.000, ssim_loss : 0.882, vo_loss : 4.393, vo_photo_loss : 0.138, vo_smooth_loss : 0.004, vo_geometry_loss : 0.005, vo_ssim_loss : 0.000, vo2radar_loss : 9.097
[K * Avg Loss : 22.208
[K  0% (0 of 3) |                          | Elapsed Time: 0:00:00 ETA:  --:--:--

[K 33% (1 of 3) |########                  | Elapsed Time: 0:00:00 ETA:   0:00:01

[Kvalid: Time 0.939 (0.939) Loss 8.9189 7.8380 0.0000 0.0000 0.8824 0.1985 0.1896 0.0036 0.0053 0.0000 (8.9189 7.8380 0.0000 0.0000 0.8824 0.1985 0.1896 0.0036 0.0053 0.0000)
[K 66% (2 of 3) |#################         | Elapsed Time: 0:00:01 ETA:   0:00:00

[K100% (3 of 3) |##########################| Elapsed Time: 0:00:01 ETA:  00:00:00

[K100% (3 of 3) |##########################| Elapsed Time: 0:00:01 ETA:  00:00:00

[K * Avg total_loss : 8.902, rec_loss : 7.859, geometry_consistency_loss : 0.000, fft_loss : 0.000, ssim_loss : 0.885, vo_loss : 0.159, vo_photo_loss : 0.150, vo_smooth_loss : 0.004, vo_geometry_loss : 0.005, vo_ssim_loss : 0.000
[K * Avg Loss : 8.902
[K 50% (100 of 200) |###########           | Elapsed Time: 0:07:22 ETA:   0:07:22

[K  0% (0 of 3) |                          | Elapsed Time: 0:00:00 ETA:  --:--:--

[K 33% (1 of 3) |########                  | Elapsed Time: 0:00:01 ETA:   0:00:02

[K 66% (2 of 3) |#################         | Elapsed Time: 0:00:01 ETA:   0:00:00

[K100% (3 of 3) |##########################| Elapsed Time: 0:00:02 ETA:  00:00:00

[K * Avg Loss : 22.399
[K  0% (0 of 3) |                          | Elapsed Time: 0:00:00 ETA:  --:--:--

[K 33% (1 of 3) |########                  | Elapsed Time: 0:00:00 ETA:   0:00:01

[Kvalid: Time 0.641 (0.641) Loss 8.9185 7.8386 0.0000 0.0000 0.8824 0.1975 0.1876 0.0036 0.0063 0.0000 (8.9185 7.8386 0.0000 0.0000 0.8824 0.1975 0.1876 0.0036 0.0063 0.0000)
[K 66% (2 of 3) |#################         | Elapsed Time: 0:00:01 ETA:   0:00:00

[K100% (3 of 3) |##########################| Elapsed Time: 0:00:01 ETA:  00:00:00

[K100% (3 of 3) |##########################| Elapsed Time: 0:00:01 ETA:  00:00:00

[K * Avg total_loss : 8.902, rec_loss : 7.859, geometry_consistency_loss : 0.000, fft_loss : 0.000, ssim_loss : 0.885, vo_loss : 0.158, vo_photo_loss : 0.149, vo_smooth_loss : 0.004, vo_geometry_loss : 0.005, vo_ssim_loss : 0.000
[K * Avg Loss : 8.902
[K 50% (101 of 200) |###########           | Elapsed Time: 0:07:27 ETA:   0:07:18

[K  0% (0 of 3) |                          | Elapsed Time: 0:00:00 ETA:  --:--:--

[K 33% (1 of 3) |########                  | Elapsed Time: 0:00:01 ETA:   0:00:02

[K 66% (2 of 3) |#################         | Elapsed Time: 0:00:01 ETA:   0:00:00

[K100% (3 of 3) |##########################| Elapsed Time: 0:00:02 ETA:  00:00:00

[K * Avg Loss : 22.473
[K  0% (0 of 3) |                          | Elapsed Time: 0:00:00 ETA:  --:--:--

[K 33% (1 of 3) |########                  | Elapsed Time: 0:00:01 ETA:   0:00:02

[Kvalid: Time 1.053 (1.053) Loss 8.9257 7.8389 0.0000 0.0000 0.8825 0.2043 0.1926 0.0034 0.0083 0.0000 (8.9257 7.8389 0.0000 0.0000 0.8825 0.2043 0.1926 0.0034 0.0083 0.0000)
[K 66% (2 of 3) |#################         | Elapsed Time: 0:00:01 ETA:   0:00:00

[K100% (3 of 3) |##########################| Elapsed Time: 0:00:01 ETA:  00:00:00

[K100% (3 of 3) |##########################| Elapsed Time: 0:00:01 ETA:  00:00:00

[K * Avg total_loss : 8.908, rec_loss : 7.860, geometry_consistency_loss : 0.000, fft_loss : 0.000, ssim_loss : 0.885, vo_loss : 0.163, vo_photo_loss : 0.152, vo_smooth_loss : 0.003, vo_geometry_loss : 0.007, vo_ssim_loss : 0.000
[K * Avg Loss : 8.908
[K 51% (102 of 200) |###########           | Elapsed Time: 0:07:31 ETA:   0:07:13

[K  0% (0 of 3) |                          | Elapsed Time: 0:00:00 ETA:  --:--:--

[K 33% (1 of 3) |########                  | Elapsed Time: 0:00:01 ETA:   0:00:02

[K 66% (2 of 3) |#################         | Elapsed Time: 0:00:01 ETA:   0:00:00

[K100% (3 of 3) |##########################| Elapsed Time: 0:00:02 ETA:  00:00:00

[K * Avg Loss : 22.096
[K  0% (0 of 3) |                          | Elapsed Time: 0:00:00 ETA:  --:--:--

[K 33% (1 of 3) |########                  | Elapsed Time: 0:00:01 ETA:   0:00:02

[Kvalid: Time 1.055 (1.055) Loss 8.9152 7.8359 0.0000 0.0000 0.8821 0.1971 0.1865 0.0039 0.0068 0.0000 (8.9152 7.8359 0.0000 0.0000 0.8821 0.1971 0.1865 0.0039 0.0068 0.0000)
[K 66% (2 of 3) |#################         | Elapsed Time: 0:00:01 ETA:   0:00:00

[K100% (3 of 3) |##########################| Elapsed Time: 0:00:01 ETA:  00:00:00

[K100% (3 of 3) |##########################| Elapsed Time: 0:00:01 ETA:  00:00:00

[K * Avg total_loss : 8.901, rec_loss : 7.858, geometry_consistency_loss : 0.000, fft_loss : 0.000, ssim_loss : 0.885, vo_loss : 0.158, vo_photo_loss : 0.149, vo_smooth_loss : 0.004, vo_geometry_loss : 0.006, vo_ssim_loss : 0.000
[K * Avg Loss : 8.901
[K 51% (103 of 200) |###########           | Elapsed Time: 0:07:35 ETA:   0:07:09

[K  0% (0 of 3) |                          | Elapsed Time: 0:00:00 ETA:  --:--:--

[K 33% (1 of 3) |########                  | Elapsed Time: 0:00:01 ETA:   0:00:02

[K 66% (2 of 3) |#################         | Elapsed Time: 0:00:01 ETA:   0:00:00

[K100% (3 of 3) |##########################| Elapsed Time: 0:00:02 ETA:  00:00:00

[K * Avg Loss : 22.338
[K  0% (0 of 3) |                          | Elapsed Time: 0:00:00 ETA:  --:--:--

[K 33% (1 of 3) |########                  | Elapsed Time: 0:00:00 ETA:   0:00:01

[Kvalid: Time 0.636 (0.636) Loss 8.9192 7.8374 0.0000 0.0000 0.8823 0.1996 0.1878 0.0033 0.0085 0.0000 (8.9192 7.8374 0.0000 0.0000 0.8823 0.1996 0.1878 0.0033 0.0085 0.0000)
[K 66% (2 of 3) |#################         | Elapsed Time: 0:00:00 ETA:   0:00:00

[K100% (3 of 3) |##########################| Elapsed Time: 0:00:01 ETA:  00:00:00

[K100% (3 of 3) |##########################| Elapsed Time: 0:00:01 ETA:  00:00:00

[K * Avg total_loss : 8.903, rec_loss : 7.858, geometry_consistency_loss : 0.000, fft_loss : 0.000, ssim_loss : 0.885, vo_loss : 0.160, vo_photo_loss : 0.149, vo_smooth_loss : 0.003, vo_geometry_loss : 0.008, vo_ssim_loss : 0.000
[K * Avg Loss : 8.903
[K 52% (104 of 200) |###########           | Elapsed Time: 0:07:39 ETA:   0:07:04

[K  0% (0 of 3) |                          | Elapsed Time: 0:00:00 ETA:  --:--:--

[K 33% (1 of 3) |########                  | Elapsed Time: 0:00:01 ETA:   0:00:02

[K 66% (2 of 3) |#################         | Elapsed Time: 0:00:01 ETA:   0:00:00

[K100% (3 of 3) |##########################| Elapsed Time: 0:00:02 ETA:  00:00:00

[KTrain: Batch time 0.512 (0.735) Data time 0.002 (0.201) total_loss : 22.174, rec_loss : 7.865, geometry_consistency_loss : 0.000, fft_loss : 0.000, ssim_loss : 0.885, vo_loss : 4.312, vo_photo_loss : 0.133, vo_smooth_loss : 0.004, vo_geometry_loss : 0.007, vo_ssim_loss : 0.000, vo2radar_loss : 9.112
[K * Avg Loss : 22.174
[K  0% (0 of 3) |                          | Elapsed Time: 0:00:00 ETA:  --:--:--

[K 33% (1 of 3) |########                  | Elapsed Time: 0:00:00 ETA:   0:00:01

[Kvalid: Time 0.655 (0.655) Loss 8.9162 7.8348 0.0000 0.0000 0.8820 0.1993 0.1888 0.0036 0.0069 0.0000 (8.9162 7.8348 0.0000 0.0000 0.8820 0.1993 0.1888 0.0036 0.0069 0.0000)
[K 66% (2 of 3) |#################         | Elapsed Time: 0:00:00 ETA:   0:00:00

[K100% (3 of 3) |##########################| Elapsed Time: 0:00:01 ETA:  00:00:00

[K100% (3 of 3) |##########################| Elapsed Time: 0:00:01 ETA:  00:00:00

[K * Avg total_loss : 8.901, rec_loss : 7.858, geometry_consistency_loss : 0.000, fft_loss : 0.000, ssim_loss : 0.885, vo_loss : 0.158, vo_photo_loss : 0.149, vo_smooth_loss : 0.004, vo_geometry_loss : 0.006, vo_ssim_loss : 0.000
[K * Avg Loss : 8.901
[K 52% (105 of 200) |###########           | Elapsed Time: 0:07:44 ETA:   0:07:00

[K  0% (0 of 3) |                          | Elapsed Time: 0:00:00 ETA:  --:--:--

[K 33% (1 of 3) |########                  | Elapsed Time: 0:00:01 ETA:   0:00:02

[K 66% (2 of 3) |#################         | Elapsed Time: 0:00:01 ETA:   0:00:00

[K100% (3 of 3) |##########################| Elapsed Time: 0:00:02 ETA:  00:00:00

[K * Avg Loss : 22.382
[K  0% (0 of 3) |                          | Elapsed Time: 0:00:00 ETA:  --:--:--

[K 33% (1 of 3) |########                  | Elapsed Time: 0:00:00 ETA:   0:00:01

[Kvalid: Time 0.621 (0.621) Loss 8.9184 7.8362 0.0000 0.0000 0.8821 0.2001 0.1889 0.0036 0.0075 0.0000 (8.9184 7.8362 0.0000 0.0000 0.8821 0.2001 0.1889 0.0036 0.0075 0.0000)
[K 66% (2 of 3) |#################         | Elapsed Time: 0:00:01 ETA:   0:00:00

[K100% (3 of 3) |##########################| Elapsed Time: 0:00:01 ETA:  00:00:00

[K100% (3 of 3) |##########################| Elapsed Time: 0:00:01 ETA:  00:00:00

[K * Avg total_loss : 8.905, rec_loss : 7.859, geometry_consistency_loss : 0.000, fft_loss : 0.000, ssim_loss : 0.885, vo_loss : 0.162, vo_photo_loss : 0.151, vo_smooth_loss : 0.004, vo_geometry_loss : 0.007, vo_ssim_loss : 0.000
[K * Avg Loss : 8.905
[K 53% (106 of 200) |###########           | Elapsed Time: 0:07:48 ETA:   0:06:55

[K  0% (0 of 3) |                          | Elapsed Time: 0:00:00 ETA:  --:--:--

[K 33% (1 of 3) |########                  | Elapsed Time: 0:00:01 ETA:   0:00:02

[K 66% (2 of 3) |#################         | Elapsed Time: 0:00:01 ETA:   0:00:00

[K100% (3 of 3) |##########################| Elapsed Time: 0:00:02 ETA:  00:00:00

[K * Avg Loss : 22.595
[K  0% (0 of 3) |                          | Elapsed Time: 0:00:00 ETA:  --:--:--

[K 33% (1 of 3) |########                  | Elapsed Time: 0:00:01 ETA:   0:00:02

[Kvalid: Time 1.048 (1.048) Loss 8.9235 7.8389 0.0000 0.0000 0.8825 0.2021 0.1917 0.0034 0.0070 0.0000 (8.9235 7.8389 0.0000 0.0000 0.8825 0.2021 0.1917 0.0034 0.0070 0.0000)
[K 66% (2 of 3) |#################         | Elapsed Time: 0:00:01 ETA:   0:00:00

[K100% (3 of 3) |##########################| Elapsed Time: 0:00:01 ETA:  00:00:00

[K100% (3 of 3) |##########################| Elapsed Time: 0:00:01 ETA:  00:00:00

[K * Avg total_loss : 8.906, rec_loss : 7.860, geometry_consistency_loss : 0.000, fft_loss : 0.000, ssim_loss : 0.885, vo_loss : 0.161, vo_photo_loss : 0.151, vo_smooth_loss : 0.003, vo_geometry_loss : 0.007, vo_ssim_loss : 0.000
[K * Avg Loss : 8.906
[K 53% (107 of 200) |###########           | Elapsed Time: 0:07:53 ETA:   0:06:51

[K  0% (0 of 3) |                          | Elapsed Time: 0:00:00 ETA:  --:--:--

[K 33% (1 of 3) |########                  | Elapsed Time: 0:00:01 ETA:   0:00:02

[K 66% (2 of 3) |#################         | Elapsed Time: 0:00:01 ETA:   0:00:00

[K100% (3 of 3) |##########################| Elapsed Time: 0:00:02 ETA:  00:00:00

[K * Avg Loss : 22.108
[K  0% (0 of 3) |                          | Elapsed Time: 0:00:00 ETA:  --:--:--

[K 33% (1 of 3) |########                  | Elapsed Time: 0:00:01 ETA:   0:00:02

[Kvalid: Time 1.032 (1.032) Loss 8.9169 7.8364 0.0000 0.0000 0.8822 0.1984 0.1876 0.0035 0.0073 0.0000 (8.9169 7.8364 0.0000 0.0000 0.8822 0.1984 0.1876 0.0035 0.0073 0.0000)
[K 66% (2 of 3) |#################         | Elapsed Time: 0:00:01 ETA:   0:00:00

[K100% (3 of 3) |##########################| Elapsed Time: 0:00:01 ETA:  00:00:00

[K100% (3 of 3) |##########################| Elapsed Time: 0:00:01 ETA:  00:00:00

[K * Avg total_loss : 8.901, rec_loss : 7.859, geometry_consistency_loss : 0.000, fft_loss : 0.000, ssim_loss : 0.885, vo_loss : 0.158, vo_photo_loss : 0.148, vo_smooth_loss : 0.003, vo_geometry_loss : 0.007, vo_ssim_loss : 0.000
[K * Avg Loss : 8.901
[K 54% (108 of 200) |###########           | Elapsed Time: 0:07:57 ETA:   0:06:46

[K  0% (0 of 3) |                          | Elapsed Time: 0:00:00 ETA:  --:--:--

[K 33% (1 of 3) |########                  | Elapsed Time: 0:00:01 ETA:   0:00:02

[K 66% (2 of 3) |#################         | Elapsed Time: 0:00:01 ETA:   0:00:00

[K100% (3 of 3) |##########################| Elapsed Time: 0:00:02 ETA:  00:00:00

[K * Avg Loss : 22.206
[K  0% (0 of 3) |                          | Elapsed Time: 0:00:00 ETA:  --:--:--

[K 33% (1 of 3) |########                  | Elapsed Time: 0:00:01 ETA:   0:00:02

[Kvalid: Time 1.093 (1.093) Loss 8.9204 7.8375 0.0000 0.0000 0.8823 0.2006 0.1882 0.0038 0.0087 0.0000 (8.9204 7.8375 0.0000 0.0000 0.8823 0.2006 0.1882 0.0038 0.0087 0.0000)
[K 66% (2 of 3) |#################         | Elapsed Time: 0:00:01 ETA:   0:00:00

[K100% (3 of 3) |##########################| Elapsed Time: 0:00:01 ETA:  00:00:00

[K100% (3 of 3) |##########################| Elapsed Time: 0:00:01 ETA:  00:00:00

[K * Avg total_loss : 8.903, rec_loss : 7.858, geometry_consistency_loss : 0.000, fft_loss : 0.000, ssim_loss : 0.885, vo_loss : 0.160, vo_photo_loss : 0.150, vo_smooth_loss : 0.004, vo_geometry_loss : 0.007, vo_ssim_loss : 0.000
[K * Avg Loss : 8.903
[K 54% (109 of 200) |###########           | Elapsed Time: 0:08:01 ETA:   0:06:42

[K  0% (0 of 3) |                          | Elapsed Time: 0:00:00 ETA:  --:--:--

[K 33% (1 of 3) |########                  | Elapsed Time: 0:00:01 ETA:   0:00:02

[K 66% (2 of 3) |#################         | Elapsed Time: 0:00:01 ETA:   0:00:00

[K100% (3 of 3) |##########################| Elapsed Time: 0:00:02 ETA:  00:00:00

[KTrain: Batch time 0.539 (0.717) Data time 0.002 (0.192) total_loss : 22.352, rec_loss : 7.884, geometry_consistency_loss : 0.000, fft_loss : 0.000, ssim_loss : 0.888, vo_loss : 4.481, vo_photo_loss : 0.139, vo_smooth_loss : 0.004, vo_geometry_loss : 0.007, vo_ssim_loss : 0.000, vo2radar_loss : 9.100
[K * Avg Loss : 22.352
[K  0% (0 of 3) |                          | Elapsed Time: 0:00:00 ETA:  --:--:--

[K 33% (1 of 3) |########                  | Elapsed Time: 0:00:00 ETA:   0:00:01

[Kvalid: Time 0.634 (0.634) Loss 8.9188 7.8356 0.0000 0.0000 0.8821 0.2011 0.1895 0.0035 0.0081 0.0000 (8.9188 7.8356 0.0000 0.0000 0.8821 0.2011 0.1895 0.0035 0.0081 0.0000)
[K 66% (2 of 3) |#################         | Elapsed Time: 0:00:01 ETA:   0:00:00

[K100% (3 of 3) |##########################| Elapsed Time: 0:00:01 ETA:  00:00:00

[K100% (3 of 3) |##########################| Elapsed Time: 0:00:01 ETA:  00:00:00

[K * Avg total_loss : 8.904, rec_loss : 7.858, geometry_consistency_loss : 0.000, fft_loss : 0.000, ssim_loss : 0.885, vo_loss : 0.161, vo_photo_loss : 0.150, vo_smooth_loss : 0.003, vo_geometry_loss : 0.008, vo_ssim_loss : 0.000
[K * Avg Loss : 8.904
[K 55% (110 of 200) |############          | Elapsed Time: 0:08:06 ETA:   0:06:37

[K  0% (0 of 3) |                          | Elapsed Time: 0:00:00 ETA:  --:--:--

[K 33% (1 of 3) |########                  | Elapsed Time: 0:00:01 ETA:   0:00:02

[K 66% (2 of 3) |#################         | Elapsed Time: 0:00:01 ETA:   0:00:00

[K100% (3 of 3) |##########################| Elapsed Time: 0:00:02 ETA:  00:00:00

[K * Avg Loss : 22.452
[K  0% (0 of 3) |                          | Elapsed Time: 0:00:00 ETA:  --:--:--

[K 33% (1 of 3) |########                  | Elapsed Time: 0:00:00 ETA:   0:00:01

[Kvalid: Time 0.625 (0.625) Loss 8.9161 7.8383 0.0000 0.0000 0.8824 0.1954 0.1858 0.0037 0.0060 0.0000 (8.9161 7.8383 0.0000 0.0000 0.8824 0.1954 0.1858 0.0037 0.0060 0.0000)
[K 66% (2 of 3) |#################         | Elapsed Time: 0:00:00 ETA:   0:00:00

[K100% (3 of 3) |##########################| Elapsed Time: 0:00:01 ETA:  00:00:00

[K100% (3 of 3) |##########################| Elapsed Time: 0:00:01 ETA:  00:00:00

[K * Avg total_loss : 8.901, rec_loss : 7.860, geometry_consistency_loss : 0.000, fft_loss : 0.000, ssim_loss : 0.885, vo_loss : 0.157, vo_photo_loss : 0.148, vo_smooth_loss : 0.004, vo_geometry_loss : 0.006, vo_ssim_loss : 0.000
[K * Avg Loss : 8.901
[K 55% (111 of 200) |############          | Elapsed Time: 0:08:10 ETA:   0:06:33

[K  0% (0 of 3) |                          | Elapsed Time: 0:00:00 ETA:  --:--:--

[K 33% (1 of 3) |########                  | Elapsed Time: 0:00:01 ETA:   0:00:02

[K 66% (2 of 3) |#################         | Elapsed Time: 0:00:01 ETA:   0:00:00

[K100% (3 of 3) |##########################| Elapsed Time: 0:00:02 ETA:  00:00:00

[K * Avg Loss : 22.247
[K  0% (0 of 3) |                          | Elapsed Time: 0:00:00 ETA:  --:--:--

[K 33% (1 of 3) |########                  | Elapsed Time: 0:00:00 ETA:   0:00:01

[Kvalid: Time 0.656 (0.656) Loss 8.9118 7.8357 0.0000 0.0000 0.8821 0.1940 0.1837 0.0036 0.0067 0.0000 (8.9118 7.8357 0.0000 0.0000 0.8821 0.1940 0.1837 0.0036 0.0067 0.0000)
[K 66% (2 of 3) |#################         | Elapsed Time: 0:00:00 ETA:   0:00:00

[K100% (3 of 3) |##########################| Elapsed Time: 0:00:01 ETA:  00:00:00

[K100% (3 of 3) |##########################| Elapsed Time: 0:00:01 ETA:  00:00:00

[K * Avg total_loss : 8.899, rec_loss : 7.858, geometry_consistency_loss : 0.000, fft_loss : 0.000, ssim_loss : 0.884, vo_loss : 0.157, vo_photo_loss : 0.147, vo_smooth_loss : 0.004, vo_geometry_loss : 0.006, vo_ssim_loss : 0.000
[K * Avg Loss : 8.899
[K 56% (112 of 200) |############          | Elapsed Time: 0:08:14 ETA:   0:06:28

[K  0% (0 of 3) |                          | Elapsed Time: 0:00:00 ETA:  --:--:--

[K 33% (1 of 3) |########                  | Elapsed Time: 0:00:01 ETA:   0:00:02

[K 66% (2 of 3) |#################         | Elapsed Time: 0:00:01 ETA:   0:00:00

[K100% (3 of 3) |##########################| Elapsed Time: 0:00:02 ETA:  00:00:00

[K * Avg Loss : 22.355
[K  0% (0 of 3) |                          | Elapsed Time: 0:00:00 ETA:  --:--:--

[K 33% (1 of 3) |########                  | Elapsed Time: 0:00:00 ETA:   0:00:01

[Kvalid: Time 0.626 (0.626) Loss 8.9221 7.8351 0.0000 0.0000 0.8820 0.2049 0.1940 0.0036 0.0073 0.0000 (8.9221 7.8351 0.0000 0.0000 0.8820 0.2049 0.1940 0.0036 0.0073 0.0000)
[K 66% (2 of 3) |#################         | Elapsed Time: 0:00:00 ETA:   0:00:00

[K100% (3 of 3) |##########################| Elapsed Time: 0:00:01 ETA:  00:00:00

[K100% (3 of 3) |##########################| Elapsed Time: 0:00:01 ETA:  00:00:00

[K * Avg total_loss : 8.905, rec_loss : 7.857, geometry_consistency_loss : 0.000, fft_loss : 0.000, ssim_loss : 0.884, vo_loss : 0.164, vo_photo_loss : 0.153, vo_smooth_loss : 0.004, vo_geometry_loss : 0.007, vo_ssim_loss : 0.000
[K * Avg Loss : 8.905
[K 56% (113 of 200) |############          | Elapsed Time: 0:08:19 ETA:   0:06:24

[K  0% (0 of 3) |                          | Elapsed Time: 0:00:00 ETA:  --:--:--

[K 33% (1 of 3) |########                  | Elapsed Time: 0:00:01 ETA:   0:00:02

[K 66% (2 of 3) |#################         | Elapsed Time: 0:00:01 ETA:   0:00:00

[K100% (3 of 3) |##########################| Elapsed Time: 0:00:02 ETA:  00:00:00

[K * Avg Loss : 22.482
[K  0% (0 of 3) |                          | Elapsed Time: 0:00:00 ETA:  --:--:--

[K 33% (1 of 3) |########                  | Elapsed Time: 0:00:00 ETA:   0:00:01

[Kvalid: Time 0.625 (0.625) Loss 8.9124 7.8346 0.0000 0.0000 0.8820 0.1958 0.1849 0.0036 0.0073 0.0000 (8.9124 7.8346 0.0000 0.0000 0.8820 0.1958 0.1849 0.0036 0.0073 0.0000)
[K 66% (2 of 3) |#################         | Elapsed Time: 0:00:00 ETA:   0:00:00

[K100% (3 of 3) |##########################| Elapsed Time: 0:00:01 ETA:  00:00:00

[K100% (3 of 3) |##########################| Elapsed Time: 0:00:01 ETA:  00:00:00

[K * Avg total_loss : 8.902, rec_loss : 7.857, geometry_consistency_loss : 0.000, fft_loss : 0.000, ssim_loss : 0.884, vo_loss : 0.160, vo_photo_loss : 0.149, vo_smooth_loss : 0.004, vo_geometry_loss : 0.007, vo_ssim_loss : 0.000
[K * Avg Loss : 8.902
[K 57% (114 of 200) |############          | Elapsed Time: 0:08:23 ETA:   0:06:19

[K  0% (0 of 3) |                          | Elapsed Time: 0:00:00 ETA:  --:--:--

[K 33% (1 of 3) |########                  | Elapsed Time: 0:00:01 ETA:   0:00:02

[K 66% (2 of 3) |#################         | Elapsed Time: 0:00:01 ETA:   0:00:00

[K100% (3 of 3) |##########################| Elapsed Time: 0:00:02 ETA:  00:00:00

[KTrain: Batch time 0.536 (0.727) Data time 0.002 (0.196) total_loss : 22.116, rec_loss : 7.866, geometry_consistency_loss : 0.000, fft_loss : 0.000, ssim_loss : 0.886, vo_loss : 4.272, vo_photo_loss : 0.132, vo_smooth_loss : 0.004, vo_geometry_loss : 0.007, vo_ssim_loss : 0.000, vo2radar_loss : 9.091
[K * Avg Loss : 22.116
[K  0% (0 of 3) |                          | Elapsed Time: 0:00:00 ETA:  --:--:--

[K 33% (1 of 3) |########                  | Elapsed Time: 0:00:00 ETA:   0:00:01

[Kvalid: Time 0.665 (0.665) Loss 8.9153 7.8394 0.0000 0.0000 0.8825 0.1934 0.1834 0.0036 0.0064 0.0000 (8.9153 7.8394 0.0000 0.0000 0.8825 0.1934 0.1834 0.0036 0.0064 0.0000)
[K 66% (2 of 3) |#################         | Elapsed Time: 0:00:01 ETA:   0:00:00

[K100% (3 of 3) |##########################| Elapsed Time: 0:00:01 ETA:  00:00:00

[K100% (3 of 3) |##########################| Elapsed Time: 0:00:01 ETA:  00:00:00

[K * Avg total_loss : 8.902, rec_loss : 7.860, geometry_consistency_loss : 0.000, fft_loss : 0.000, ssim_loss : 0.885, vo_loss : 0.157, vo_photo_loss : 0.147, vo_smooth_loss : 0.004, vo_geometry_loss : 0.006, vo_ssim_loss : 0.000
[K * Avg Loss : 8.902
[K 57% (115 of 200) |############          | Elapsed Time: 0:08:28 ETA:   0:06:15

[K  0% (0 of 3) |                          | Elapsed Time: 0:00:00 ETA:  --:--:--

[K 33% (1 of 3) |########                  | Elapsed Time: 0:00:01 ETA:   0:00:02

[K 66% (2 of 3) |#################         | Elapsed Time: 0:00:01 ETA:   0:00:00

[K100% (3 of 3) |##########################| Elapsed Time: 0:00:02 ETA:  00:00:00

[K * Avg Loss : 22.331
[K  0% (0 of 3) |                          | Elapsed Time: 0:00:00 ETA:  --:--:--

[K 33% (1 of 3) |########                  | Elapsed Time: 0:00:00 ETA:   0:00:01

[Kvalid: Time 0.612 (0.612) Loss 8.9182 7.8374 0.0000 0.0000 0.8823 0.1985 0.1888 0.0036 0.0061 0.0000 (8.9182 7.8374 0.0000 0.0000 0.8823 0.1985 0.1888 0.0036 0.0061 0.0000)
[K 66% (2 of 3) |#################         | Elapsed Time: 0:00:01 ETA:   0:00:00

[K100% (3 of 3) |##########################| Elapsed Time: 0:00:01 ETA:  00:00:00

[K100% (3 of 3) |##########################| Elapsed Time: 0:00:01 ETA:  00:00:00

[K * Avg total_loss : 8.902, rec_loss : 7.859, geometry_consistency_loss : 0.000, fft_loss : 0.000, ssim_loss : 0.885, vo_loss : 0.159, vo_photo_loss : 0.149, vo_smooth_loss : 0.004, vo_geometry_loss : 0.006, vo_ssim_loss : 0.000
[K * Avg Loss : 8.902
[K 58% (116 of 200) |############          | Elapsed Time: 0:08:32 ETA:   0:06:11

[K  0% (0 of 3) |                          | Elapsed Time: 0:00:00 ETA:  --:--:--

[K 33% (1 of 3) |########                  | Elapsed Time: 0:00:01 ETA:   0:00:02

[K 66% (2 of 3) |#################         | Elapsed Time: 0:00:01 ETA:   0:00:00

[K100% (3 of 3) |##########################| Elapsed Time: 0:00:02 ETA:  00:00:00

[K * Avg Loss : 22.071
[K  0% (0 of 3) |                          | Elapsed Time: 0:00:00 ETA:  --:--:--

[K 33% (1 of 3) |########                  | Elapsed Time: 0:00:00 ETA:   0:00:01

[Kvalid: Time 0.681 (0.681) Loss 8.9151 7.8356 0.0000 0.0000 0.8821 0.1974 0.1867 0.0037 0.0069 0.0000 (8.9151 7.8356 0.0000 0.0000 0.8821 0.1974 0.1867 0.0037 0.0069 0.0000)
[K 66% (2 of 3) |#################         | Elapsed Time: 0:00:01 ETA:   0:00:00

[K100% (3 of 3) |##########################| Elapsed Time: 0:00:01 ETA:  00:00:00

[K100% (3 of 3) |##########################| Elapsed Time: 0:00:01 ETA:  00:00:00

[K * Avg total_loss : 8.900, rec_loss : 7.858, geometry_consistency_loss : 0.000, fft_loss : 0.000, ssim_loss : 0.884, vo_loss : 0.158, vo_photo_loss : 0.149, vo_smooth_loss : 0.004, vo_geometry_loss : 0.006, vo_ssim_loss : 0.000
[K * Avg Loss : 8.900
[K 58% (117 of 200) |############          | Elapsed Time: 0:08:37 ETA:   0:06:06

[K  0% (0 of 3) |                          | Elapsed Time: 0:00:00 ETA:  --:--:--

[K 33% (1 of 3) |########                  | Elapsed Time: 0:00:01 ETA:   0:00:02

[K 66% (2 of 3) |#################         | Elapsed Time: 0:00:01 ETA:   0:00:00

[K100% (3 of 3) |##########################| Elapsed Time: 0:00:02 ETA:  00:00:00

[K * Avg Loss : 22.146
[K  0% (0 of 3) |                          | Elapsed Time: 0:00:00 ETA:  --:--:--

[K 33% (1 of 3) |########                  | Elapsed Time: 0:00:00 ETA:   0:00:01

[Kvalid: Time 0.660 (0.660) Loss 8.9197 7.8349 0.0000 0.0000 0.8820 0.2029 0.1930 0.0035 0.0064 0.0000 (8.9197 7.8349 0.0000 0.0000 0.8820 0.2029 0.1930 0.0035 0.0064 0.0000)
[K 66% (2 of 3) |#################         | Elapsed Time: 0:00:00 ETA:   0:00:00

[K100% (3 of 3) |##########################| Elapsed Time: 0:00:01 ETA:  00:00:00

[K100% (3 of 3) |##########################| Elapsed Time: 0:00:01 ETA:  00:00:00

[K * Avg total_loss : 8.902, rec_loss : 7.858, geometry_consistency_loss : 0.000, fft_loss : 0.000, ssim_loss : 0.884, vo_loss : 0.160, vo_photo_loss : 0.151, vo_smooth_loss : 0.004, vo_geometry_loss : 0.006, vo_ssim_loss : 0.000
[K * Avg Loss : 8.902
[K 59% (118 of 200) |############          | Elapsed Time: 0:08:41 ETA:   0:06:02

[K  0% (0 of 3) |                          | Elapsed Time: 0:00:00 ETA:  --:--:--

[K 33% (1 of 3) |########                  | Elapsed Time: 0:00:01 ETA:   0:00:02

[K 66% (2 of 3) |#################         | Elapsed Time: 0:00:01 ETA:   0:00:00

[K100% (3 of 3) |##########################| Elapsed Time: 0:00:02 ETA:  00:00:00

[K * Avg Loss : 22.014
[K  0% (0 of 3) |                          | Elapsed Time: 0:00:00 ETA:  --:--:--

[K 33% (1 of 3) |########                  | Elapsed Time: 0:00:00 ETA:   0:00:01

[Kvalid: Time 0.650 (0.650) Loss 8.9176 7.8351 0.0000 0.0000 0.8820 0.2004 0.1909 0.0037 0.0058 0.0000 (8.9176 7.8351 0.0000 0.0000 0.8820 0.2004 0.1909 0.0037 0.0058 0.0000)
[K 66% (2 of 3) |#################         | Elapsed Time: 0:00:00 ETA:   0:00:00

[K100% (3 of 3) |##########################| Elapsed Time: 0:00:01 ETA:  00:00:00

[K100% (3 of 3) |##########################| Elapsed Time: 0:00:01 ETA:  00:00:00

[K * Avg total_loss : 8.902, rec_loss : 7.857, geometry_consistency_loss : 0.000, fft_loss : 0.000, ssim_loss : 0.884, vo_loss : 0.160, vo_photo_loss : 0.151, vo_smooth_loss : 0.004, vo_geometry_loss : 0.006, vo_ssim_loss : 0.000
[K * Avg Loss : 8.902
[K 59% (119 of 200) |#############         | Elapsed Time: 0:08:45 ETA:   0:05:57

[K  0% (0 of 3) |                          | Elapsed Time: 0:00:00 ETA:  --:--:--

[K 33% (1 of 3) |########                  | Elapsed Time: 0:00:01 ETA:   0:00:02

[K 66% (2 of 3) |#################         | Elapsed Time: 0:00:01 ETA:   0:00:00

[K100% (3 of 3) |##########################| Elapsed Time: 0:00:02 ETA:  00:00:00

[KTrain: Batch time 0.503 (0.747) Data time 0.002 (0.194) total_loss : 22.340, rec_loss : 7.821, geometry_consistency_loss : 0.000, fft_loss : 0.000, ssim_loss : 0.881, vo_loss : 4.540, vo_photo_loss : 0.142, vo_smooth_loss : 0.004, vo_geometry_loss : 0.005, vo_ssim_loss : 0.000, vo2radar_loss : 9.098
[K * Avg Loss : 22.340
[K  0% (0 of 3) |                          | Elapsed Time: 0:00:00 ETA:  --:--:--

[K 33% (1 of 3) |########                  | Elapsed Time: 0:00:00 ETA:   0:00:01

[Kvalid: Time 0.623 (0.623) Loss 8.9182 7.8375 0.0000 0.0000 0.8823 0.1984 0.1880 0.0037 0.0068 0.0000 (8.9182 7.8375 0.0000 0.0000 0.8823 0.1984 0.1880 0.0037 0.0068 0.0000)
[K 66% (2 of 3) |#################         | Elapsed Time: 0:00:01 ETA:   0:00:00

[K100% (3 of 3) |##########################| Elapsed Time: 0:00:01 ETA:  00:00:00

[K100% (3 of 3) |##########################| Elapsed Time: 0:00:01 ETA:  00:00:00

[K * Avg total_loss : 8.904, rec_loss : 7.859, geometry_consistency_loss : 0.000, fft_loss : 0.000, ssim_loss : 0.885, vo_loss : 0.161, vo_photo_loss : 0.150, vo_smooth_loss : 0.004, vo_geometry_loss : 0.007, vo_ssim_loss : 0.000
[K * Avg Loss : 8.904
[K 60% (120 of 200) |#############         | Elapsed Time: 0:08:50 ETA:   0:05:53

[K  0% (0 of 3) |                          | Elapsed Time: 0:00:00 ETA:  --:--:--

[K 33% (1 of 3) |########                  | Elapsed Time: 0:00:01 ETA:   0:00:02

[K 66% (2 of 3) |#################         | Elapsed Time: 0:00:01 ETA:   0:00:00

[K100% (3 of 3) |##########################| Elapsed Time: 0:00:02 ETA:  00:00:00

[K * Avg Loss : 22.273
[K  0% (0 of 3) |                          | Elapsed Time: 0:00:00 ETA:  --:--:--

[K 33% (1 of 3) |########                  | Elapsed Time: 0:00:00 ETA:   0:00:01

[Kvalid: Time 0.603 (0.603) Loss 8.9190 7.8382 0.0000 0.0000 0.8824 0.1985 0.1895 0.0037 0.0053 0.0000 (8.9190 7.8382 0.0000 0.0000 0.8824 0.1985 0.1895 0.0037 0.0053 0.0000)
[K 66% (2 of 3) |#################         | Elapsed Time: 0:00:00 ETA:   0:00:00

[K100% (3 of 3) |##########################| Elapsed Time: 0:00:01 ETA:  00:00:00

[K100% (3 of 3) |##########################| Elapsed Time: 0:00:01 ETA:  00:00:00

[K * Avg total_loss : 8.902, rec_loss : 7.859, geometry_consistency_loss : 0.000, fft_loss : 0.000, ssim_loss : 0.885, vo_loss : 0.159, vo_photo_loss : 0.150, vo_smooth_loss : 0.004, vo_geometry_loss : 0.005, vo_ssim_loss : 0.000
[K * Avg Loss : 8.902
[K 60% (121 of 200) |#############         | Elapsed Time: 0:08:54 ETA:   0:05:49

[K  0% (0 of 3) |                          | Elapsed Time: 0:00:00 ETA:  --:--:--

[K 33% (1 of 3) |########                  | Elapsed Time: 0:00:01 ETA:   0:00:02

[K 66% (2 of 3) |#################         | Elapsed Time: 0:00:01 ETA:   0:00:00

[K100% (3 of 3) |##########################| Elapsed Time: 0:00:02 ETA:  00:00:00

[K * Avg Loss : 22.079
[K  0% (0 of 3) |                          | Elapsed Time: 0:00:00 ETA:  --:--:--

[K 33% (1 of 3) |########                  | Elapsed Time: 0:00:00 ETA:   0:00:01

[Kvalid: Time 0.651 (0.651) Loss 8.9153 7.8377 0.0000 0.0000 0.8823 0.1953 0.1856 0.0036 0.0061 0.0000 (8.9153 7.8377 0.0000 0.0000 0.8823 0.1953 0.1856 0.0036 0.0061 0.0000)
[K 66% (2 of 3) |#################         | Elapsed Time: 0:00:01 ETA:   0:00:00

[K100% (3 of 3) |##########################| Elapsed Time: 0:00:01 ETA:  00:00:00

[K100% (3 of 3) |##########################| Elapsed Time: 0:00:01 ETA:  00:00:00

[K * Avg total_loss : 8.902, rec_loss : 7.860, geometry_consistency_loss : 0.000, fft_loss : 0.000, ssim_loss : 0.885, vo_loss : 0.158, vo_photo_loss : 0.148, vo_smooth_loss : 0.004, vo_geometry_loss : 0.006, vo_ssim_loss : 0.000
[K * Avg Loss : 8.902
[K 61% (122 of 200) |#############         | Elapsed Time: 0:08:59 ETA:   0:05:44

[K  0% (0 of 3) |                          | Elapsed Time: 0:00:00 ETA:  --:--:--

[K 33% (1 of 3) |########                  | Elapsed Time: 0:00:01 ETA:   0:00:02

[K 66% (2 of 3) |#################         | Elapsed Time: 0:00:01 ETA:   0:00:00

[K100% (3 of 3) |##########################| Elapsed Time: 0:00:02 ETA:  00:00:00

[K * Avg Loss : 22.346
[K  0% (0 of 3) |                          | Elapsed Time: 0:00:00 ETA:  --:--:--

[K 33% (1 of 3) |########                  | Elapsed Time: 0:00:00 ETA:   0:00:01

[Kvalid: Time 0.692 (0.692) Loss 8.9194 7.8383 0.0000 0.0000 0.8824 0.1987 0.1900 0.0037 0.0050 0.0000 (8.9194 7.8383 0.0000 0.0000 0.8824 0.1987 0.1900 0.0037 0.0050 0.0000)
[K 66% (2 of 3) |#################         | Elapsed Time: 0:00:01 ETA:   0:00:00

[K100% (3 of 3) |##########################| Elapsed Time: 0:00:01 ETA:  00:00:00

[K100% (3 of 3) |##########################| Elapsed Time: 0:00:01 ETA:  00:00:00

[K * Avg total_loss : 8.902, rec_loss : 7.859, geometry_consistency_loss : 0.000, fft_loss : 0.000, ssim_loss : 0.885, vo_loss : 0.159, vo_photo_loss : 0.150, vo_smooth_loss : 0.004, vo_geometry_loss : 0.005, vo_ssim_loss : 0.000
[K * Avg Loss : 8.902
[K 61% (123 of 200) |#############         | Elapsed Time: 0:09:03 ETA:   0:05:40

[K  0% (0 of 3) |                          | Elapsed Time: 0:00:00 ETA:  --:--:--

[K 33% (1 of 3) |########                  | Elapsed Time: 0:00:01 ETA:   0:00:02

[K 66% (2 of 3) |#################         | Elapsed Time: 0:00:01 ETA:   0:00:00

[K100% (3 of 3) |##########################| Elapsed Time: 0:00:02 ETA:  00:00:00

[K * Avg Loss : 22.421
[K  0% (0 of 3) |                          | Elapsed Time: 0:00:00 ETA:  --:--:--

[K 33% (1 of 3) |########                  | Elapsed Time: 0:00:00 ETA:   0:00:01

[Kvalid: Time 0.628 (0.628) Loss 8.9163 7.8369 0.0000 0.0000 0.8822 0.1972 0.1878 0.0036 0.0058 0.0000 (8.9163 7.8369 0.0000 0.0000 0.8822 0.1972 0.1878 0.0036 0.0058 0.0000)
[K 66% (2 of 3) |#################         | Elapsed Time: 0:00:01 ETA:   0:00:00

[K100% (3 of 3) |##########################| Elapsed Time: 0:00:01 ETA:  00:00:00

[K100% (3 of 3) |##########################| Elapsed Time: 0:00:01 ETA:  00:00:00

[K * Avg total_loss : 8.900, rec_loss : 7.858, geometry_consistency_loss : 0.000, fft_loss : 0.000, ssim_loss : 0.884, vo_loss : 0.158, vo_photo_loss : 0.148, vo_smooth_loss : 0.004, vo_geometry_loss : 0.006, vo_ssim_loss : 0.000
[K * Avg Loss : 8.900
[K 62% (124 of 200) |#############         | Elapsed Time: 0:09:07 ETA:   0:05:35

[K  0% (0 of 3) |                          | Elapsed Time: 0:00:00 ETA:  --:--:--

[K 33% (1 of 3) |########                  | Elapsed Time: 0:00:01 ETA:   0:00:02

[K 66% (2 of 3) |#################         | Elapsed Time: 0:00:01 ETA:   0:00:00

[K100% (3 of 3) |##########################| Elapsed Time: 0:00:02 ETA:  00:00:00

[KTrain: Batch time 0.497 (0.726) Data time 0.001 (0.195) total_loss : 22.377, rec_loss : 7.848, geometry_consistency_loss : 0.000, fft_loss : 0.000, ssim_loss : 0.884, vo_loss : 4.559, vo_photo_loss : 0.143, vo_smooth_loss : 0.004, vo_geometry_loss : 0.006, vo_ssim_loss : 0.000, vo2radar_loss : 9.087
[K * Avg Loss : 22.377
[K  0% (0 of 3) |                          | Elapsed Time: 0:00:00 ETA:  --:--:--

[K 33% (1 of 3) |########                  | Elapsed Time: 0:00:01 ETA:   0:00:02

[Kvalid: Time 1.221 (1.221) Loss 8.9155 7.8363 0.0000 0.0000 0.8822 0.1971 0.1869 0.0037 0.0065 0.0000 (8.9155 7.8363 0.0000 0.0000 0.8822 0.1971 0.1869 0.0037 0.0065 0.0000)
[K 66% (2 of 3) |#################         | Elapsed Time: 0:00:01 ETA:   0:00:00

[K100% (3 of 3) |##########################| Elapsed Time: 0:00:01 ETA:  00:00:00

[K100% (3 of 3) |##########################| Elapsed Time: 0:00:01 ETA:  00:00:00

[K * Avg total_loss : 8.902, rec_loss : 7.858, geometry_consistency_loss : 0.000, fft_loss : 0.000, ssim_loss : 0.884, vo_loss : 0.160, vo_photo_loss : 0.150, vo_smooth_loss : 0.004, vo_geometry_loss : 0.006, vo_ssim_loss : 0.000
[K * Avg Loss : 8.902
[K 62% (125 of 200) |#############         | Elapsed Time: 0:09:12 ETA:   0:05:31

[K  0% (0 of 3) |                          | Elapsed Time: 0:00:00 ETA:  --:--:--

[K 33% (1 of 3) |########                  | Elapsed Time: 0:00:01 ETA:   0:00:02

[K 66% (2 of 3) |#################         | Elapsed Time: 0:00:01 ETA:   0:00:00

[K100% (3 of 3) |##########################| Elapsed Time: 0:00:02 ETA:  00:00:00

[K * Avg Loss : 22.184
[K  0% (0 of 3) |                          | Elapsed Time: 0:00:00 ETA:  --:--:--

[K 33% (1 of 3) |########                  | Elapsed Time: 0:00:00 ETA:   0:00:01

[Kvalid: Time 0.676 (0.676) Loss 8.9174 7.8348 0.0000 0.0000 0.8820 0.2005 0.1897 0.0036 0.0072 0.0000 (8.9174 7.8348 0.0000 0.0000 0.8820 0.2005 0.1897 0.0036 0.0072 0.0000)
[K 66% (2 of 3) |#################         | Elapsed Time: 0:00:01 ETA:   0:00:00

[K100% (3 of 3) |##########################| Elapsed Time: 0:00:01 ETA:  00:00:00

[K100% (3 of 3) |##########################| Elapsed Time: 0:00:01 ETA:  00:00:00

[K * Avg total_loss : 8.902, rec_loss : 7.857, geometry_consistency_loss : 0.000, fft_loss : 0.000, ssim_loss : 0.884, vo_loss : 0.161, vo_photo_loss : 0.150, vo_smooth_loss : 0.004, vo_geometry_loss : 0.007, vo_ssim_loss : 0.000
[K * Avg Loss : 8.902
[K 63% (126 of 200) |#############         | Elapsed Time: 0:09:17 ETA:   0:05:27

[K  0% (0 of 3) |                          | Elapsed Time: 0:00:00 ETA:  --:--:--

[K 33% (1 of 3) |########                  | Elapsed Time: 0:00:01 ETA:   0:00:02

[K 66% (2 of 3) |#################         | Elapsed Time: 0:00:01 ETA:   0:00:00

[K100% (3 of 3) |##########################| Elapsed Time: 0:00:02 ETA:  00:00:00

[K * Avg Loss : 22.264
[K  0% (0 of 3) |                          | Elapsed Time: 0:00:00 ETA:  --:--:--

[K 33% (1 of 3) |########                  | Elapsed Time: 0:00:00 ETA:   0:00:01

[Kvalid: Time 0.589 (0.589) Loss 8.9182 7.8363 0.0000 0.0000 0.8822 0.1997 0.1892 0.0036 0.0069 0.0000 (8.9182 7.8363 0.0000 0.0000 0.8822 0.1997 0.1892 0.0036 0.0069 0.0000)
[K 66% (2 of 3) |#################         | Elapsed Time: 0:00:00 ETA:   0:00:00

[K100% (3 of 3) |##########################| Elapsed Time: 0:00:01 ETA:  00:00:00

[K100% (3 of 3) |##########################| Elapsed Time: 0:00:01 ETA:  00:00:00

[K * Avg total_loss : 8.901, rec_loss : 7.858, geometry_consistency_loss : 0.000, fft_loss : 0.000, ssim_loss : 0.885, vo_loss : 0.159, vo_photo_loss : 0.149, vo_smooth_loss : 0.004, vo_geometry_loss : 0.006, vo_ssim_loss : 0.000
[K * Avg Loss : 8.901
[K 63% (127 of 200) |#############         | Elapsed Time: 0:09:21 ETA:   0:05:22

[K  0% (0 of 3) |                          | Elapsed Time: 0:00:00 ETA:  --:--:--

[K 33% (1 of 3) |########                  | Elapsed Time: 0:00:01 ETA:   0:00:02

[K 66% (2 of 3) |#################         | Elapsed Time: 0:00:01 ETA:   0:00:00

[K100% (3 of 3) |##########################| Elapsed Time: 0:00:02 ETA:  00:00:00

[K * Avg Loss : 22.206
[K  0% (0 of 3) |                          | Elapsed Time: 0:00:00 ETA:  --:--:--

[K 33% (1 of 3) |########                  | Elapsed Time: 0:00:00 ETA:   0:00:01

[Kvalid: Time 0.610 (0.610) Loss 8.9204 7.8385 0.0000 0.0000 0.8824 0.1996 0.1890 0.0038 0.0068 0.0000 (8.9204 7.8385 0.0000 0.0000 0.8824 0.1996 0.1890 0.0038 0.0068 0.0000)
[K 66% (2 of 3) |#################         | Elapsed Time: 0:00:01 ETA:   0:00:00

[K100% (3 of 3) |##########################| Elapsed Time: 0:00:01 ETA:  00:00:00

[K100% (3 of 3) |##########################| Elapsed Time: 0:00:01 ETA:  00:00:00

[K * Avg total_loss : 8.905, rec_loss : 7.860, geometry_consistency_loss : 0.000, fft_loss : 0.000, ssim_loss : 0.885, vo_loss : 0.160, vo_photo_loss : 0.150, vo_smooth_loss : 0.004, vo_geometry_loss : 0.006, vo_ssim_loss : 0.000
[K * Avg Loss : 8.905
[K 64% (128 of 200) |##############        | Elapsed Time: 0:09:25 ETA:   0:05:18

[K  0% (0 of 3) |                          | Elapsed Time: 0:00:00 ETA:  --:--:--

[K 33% (1 of 3) |########                  | Elapsed Time: 0:00:01 ETA:   0:00:02

[K 66% (2 of 3) |#################         | Elapsed Time: 0:00:01 ETA:   0:00:00

[K100% (3 of 3) |##########################| Elapsed Time: 0:00:02 ETA:  00:00:00

[K * Avg Loss : 22.260
[K  0% (0 of 3) |                          | Elapsed Time: 0:00:00 ETA:  --:--:--

[K 33% (1 of 3) |########                  | Elapsed Time: 0:00:01 ETA:   0:00:02

[Kvalid: Time 1.025 (1.025) Loss 8.9228 7.8390 0.0000 0.0000 0.8825 0.2013 0.1913 0.0035 0.0065 0.0000 (8.9228 7.8390 0.0000 0.0000 0.8825 0.2013 0.1913 0.0035 0.0065 0.0000)
[K 66% (2 of 3) |#################         | Elapsed Time: 0:00:01 ETA:   0:00:00

[K100% (3 of 3) |##########################| Elapsed Time: 0:00:01 ETA:  00:00:00

[K100% (3 of 3) |##########################| Elapsed Time: 0:00:01 ETA:  00:00:00

[K * Avg total_loss : 8.904, rec_loss : 7.860, geometry_consistency_loss : 0.000, fft_loss : 0.000, ssim_loss : 0.885, vo_loss : 0.160, vo_photo_loss : 0.150, vo_smooth_loss : 0.004, vo_geometry_loss : 0.007, vo_ssim_loss : 0.000
[K * Avg Loss : 8.904
[K 64% (129 of 200) |##############        | Elapsed Time: 0:09:30 ETA:   0:05:13

[K  0% (0 of 3) |                          | Elapsed Time: 0:00:00 ETA:  --:--:--

[K 33% (1 of 3) |########                  | Elapsed Time: 0:00:01 ETA:   0:00:02

[K 66% (2 of 3) |#################         | Elapsed Time: 0:00:01 ETA:   0:00:00

[K100% (3 of 3) |##########################| Elapsed Time: 0:00:02 ETA:  00:00:00

[KTrain: Batch time 0.509 (0.783) Data time 0.002 (0.237) total_loss : 22.168, rec_loss : 7.852, geometry_consistency_loss : 0.000, fft_loss : 0.000, ssim_loss : 0.884, vo_loss : 4.348, vo_photo_loss : 0.136, vo_smooth_loss : 0.004, vo_geometry_loss : 0.006, vo_ssim_loss : 0.000, vo2radar_loss : 9.083
[K * Avg Loss : 22.168
[K  0% (0 of 3) |                          | Elapsed Time: 0:00:00 ETA:  --:--:--

[K 33% (1 of 3) |########                  | Elapsed Time: 0:00:01 ETA:   0:00:02

[Kvalid: Time 1.196 (1.196) Loss 8.9199 7.8383 0.0000 0.0000 0.8824 0.1992 0.1898 0.0038 0.0056 0.0000 (8.9199 7.8383 0.0000 0.0000 0.8824 0.1992 0.1898 0.0038 0.0056 0.0000)
[K 66% (2 of 3) |#################         | Elapsed Time: 0:00:01 ETA:   0:00:00

[K100% (3 of 3) |##########################| Elapsed Time: 0:00:01 ETA:  00:00:00

[K100% (3 of 3) |##########################| Elapsed Time: 0:00:01 ETA:  00:00:00

[K * Avg total_loss : 8.901, rec_loss : 7.858, geometry_consistency_loss : 0.000, fft_loss : 0.000, ssim_loss : 0.884, vo_loss : 0.159, vo_photo_loss : 0.150, vo_smooth_loss : 0.004, vo_geometry_loss : 0.005, vo_ssim_loss : 0.000
[K * Avg Loss : 8.901
[K 65% (130 of 200) |##############        | Elapsed Time: 0:09:35 ETA:   0:05:09

[K  0% (0 of 3) |                          | Elapsed Time: 0:00:00 ETA:  --:--:--

[K 33% (1 of 3) |########                  | Elapsed Time: 0:00:01 ETA:   0:00:02

[K 66% (2 of 3) |#################         | Elapsed Time: 0:00:01 ETA:   0:00:00

[K100% (3 of 3) |##########################| Elapsed Time: 0:00:02 ETA:  00:00:00

[K * Avg Loss : 22.195
[K  0% (0 of 3) |                          | Elapsed Time: 0:00:00 ETA:  --:--:--

[K 33% (1 of 3) |########                  | Elapsed Time: 0:00:01 ETA:   0:00:02

[Kvalid: Time 1.157 (1.157) Loss 8.9168 7.8368 0.0000 0.0000 0.8822 0.1977 0.1880 0.0036 0.0061 0.0000 (8.9168 7.8368 0.0000 0.0000 0.8822 0.1977 0.1880 0.0036 0.0061 0.0000)
[K 66% (2 of 3) |#################         | Elapsed Time: 0:00:01 ETA:   0:00:00

[K100% (3 of 3) |##########################| Elapsed Time: 0:00:01 ETA:  00:00:00

[K100% (3 of 3) |##########################| Elapsed Time: 0:00:01 ETA:  00:00:00

[K * Avg total_loss : 8.902, rec_loss : 7.859, geometry_consistency_loss : 0.000, fft_loss : 0.000, ssim_loss : 0.885, vo_loss : 0.158, vo_photo_loss : 0.149, vo_smooth_loss : 0.004, vo_geometry_loss : 0.006, vo_ssim_loss : 0.000
[K * Avg Loss : 8.902
[K 65% (131 of 200) |##############        | Elapsed Time: 0:09:39 ETA:   0:05:05

[K  0% (0 of 3) |                          | Elapsed Time: 0:00:00 ETA:  --:--:--

[K 33% (1 of 3) |########                  | Elapsed Time: 0:00:01 ETA:   0:00:02

[K 66% (2 of 3) |#################         | Elapsed Time: 0:00:01 ETA:   0:00:00

[K100% (3 of 3) |##########################| Elapsed Time: 0:00:02 ETA:  00:00:00

[K * Avg Loss : 22.408
[K  0% (0 of 3) |                          | Elapsed Time: 0:00:00 ETA:  --:--:--

[K 33% (1 of 3) |########                  | Elapsed Time: 0:00:01 ETA:   0:00:02

[Kvalid: Time 1.087 (1.087) Loss 8.9185 7.8369 0.0000 0.0000 0.8822 0.1993 0.1898 0.0037 0.0059 0.0000 (8.9185 7.8369 0.0000 0.0000 0.8822 0.1993 0.1898 0.0037 0.0059 0.0000)
[K 66% (2 of 3) |#################         | Elapsed Time: 0:00:01 ETA:   0:00:00

[K100% (3 of 3) |##########################| Elapsed Time: 0:00:01 ETA:  00:00:00

[K100% (3 of 3) |##########################| Elapsed Time: 0:00:01 ETA:  00:00:00

[K * Avg total_loss : 8.903, rec_loss : 7.858, geometry_consistency_loss : 0.000, fft_loss : 0.000, ssim_loss : 0.885, vo_loss : 0.160, vo_photo_loss : 0.151, vo_smooth_loss : 0.004, vo_geometry_loss : 0.006, vo_ssim_loss : 0.000
[K * Avg Loss : 8.903
[K 66% (132 of 200) |##############        | Elapsed Time: 0:09:44 ETA:   0:05:00

[K  0% (0 of 3) |                          | Elapsed Time: 0:00:00 ETA:  --:--:--

[K 33% (1 of 3) |########                  | Elapsed Time: 0:00:01 ETA:   0:00:02

[K 66% (2 of 3) |#################         | Elapsed Time: 0:00:01 ETA:   0:00:00

[K100% (3 of 3) |##########################| Elapsed Time: 0:00:02 ETA:  00:00:00

[K * Avg Loss : 22.359
[K  0% (0 of 3) |                          | Elapsed Time: 0:00:00 ETA:  --:--:--

[K 33% (1 of 3) |########                  | Elapsed Time: 0:00:01 ETA:   0:00:02

[Kvalid: Time 1.048 (1.048) Loss 8.9148 7.8359 0.0000 0.0000 0.8821 0.1968 0.1874 0.0037 0.0057 0.0000 (8.9148 7.8359 0.0000 0.0000 0.8821 0.1968 0.1874 0.0037 0.0057 0.0000)
[K 66% (2 of 3) |#################         | Elapsed Time: 0:00:01 ETA:   0:00:00

[K100% (3 of 3) |##########################| Elapsed Time: 0:00:01 ETA:  00:00:00

[K100% (3 of 3) |##########################| Elapsed Time: 0:00:01 ETA:  00:00:00

[K * Avg total_loss : 8.900, rec_loss : 7.858, geometry_consistency_loss : 0.000, fft_loss : 0.000, ssim_loss : 0.884, vo_loss : 0.158, vo_photo_loss : 0.149, vo_smooth_loss : 0.004, vo_geometry_loss : 0.005, vo_ssim_loss : 0.000
[K * Avg Loss : 8.900
[K 66% (133 of 200) |##############        | Elapsed Time: 0:09:48 ETA:   0:04:56

[K  0% (0 of 3) |                          | Elapsed Time: 0:00:00 ETA:  --:--:--

[K 33% (1 of 3) |########                  | Elapsed Time: 0:00:01 ETA:   0:00:02

[K 66% (2 of 3) |#################         | Elapsed Time: 0:00:01 ETA:   0:00:00

[K100% (3 of 3) |##########################| Elapsed Time: 0:00:02 ETA:  00:00:00

[K * Avg Loss : 22.133
[K  0% (0 of 3) |                          | Elapsed Time: 0:00:00 ETA:  --:--:--

[K 33% (1 of 3) |########                  | Elapsed Time: 0:00:00 ETA:   0:00:01

[Kvalid: Time 0.710 (0.710) Loss 8.9166 7.8366 0.0000 0.0000 0.8822 0.1978 0.1881 0.0036 0.0061 0.0000 (8.9166 7.8366 0.0000 0.0000 0.8822 0.1978 0.1881 0.0036 0.0061 0.0000)
[K 66% (2 of 3) |#################         | Elapsed Time: 0:00:01 ETA:   0:00:00

[K100% (3 of 3) |##########################| Elapsed Time: 0:00:01 ETA:  00:00:00

[K100% (3 of 3) |##########################| Elapsed Time: 0:00:01 ETA:  00:00:00

[K * Avg total_loss : 8.903, rec_loss : 7.860, geometry_consistency_loss : 0.000, fft_loss : 0.000, ssim_loss : 0.885, vo_loss : 0.159, vo_photo_loss : 0.149, vo_smooth_loss : 0.004, vo_geometry_loss : 0.006, vo_ssim_loss : 0.000
[K * Avg Loss : 8.903
[K 67% (134 of 200) |##############        | Elapsed Time: 0:09:53 ETA:   0:04:52

[K  0% (0 of 3) |                          | Elapsed Time: 0:00:00 ETA:  --:--:--

[K 33% (1 of 3) |########                  | Elapsed Time: 0:00:01 ETA:   0:00:02

[K 66% (2 of 3) |#################         | Elapsed Time: 0:00:01 ETA:   0:00:00

[K100% (3 of 3) |##########################| Elapsed Time: 0:00:02 ETA:  00:00:00

[KTrain: Batch time 0.565 (0.756) Data time 0.002 (0.201) total_loss : 22.122, rec_loss : 7.889, geometry_consistency_loss : 0.000, fft_loss : 0.000, ssim_loss : 0.888, vo_loss : 4.251, vo_photo_loss : 0.133, vo_smooth_loss : 0.004, vo_geometry_loss : 0.005, vo_ssim_loss : 0.000, vo2radar_loss : 9.094
[K * Avg Loss : 22.122
[K  0% (0 of 3) |                          | Elapsed Time: 0:00:00 ETA:  --:--:--

[K 33% (1 of 3) |########                  | Elapsed Time: 0:00:00 ETA:   0:00:01

[Kvalid: Time 0.821 (0.821) Loss 8.9171 7.8367 0.0000 0.0000 0.8822 0.1982 0.1885 0.0037 0.0061 0.0000 (8.9171 7.8367 0.0000 0.0000 0.8822 0.1982 0.1885 0.0037 0.0061 0.0000)
[K 66% (2 of 3) |#################         | Elapsed Time: 0:00:01 ETA:   0:00:00

[K100% (3 of 3) |##########################| Elapsed Time: 0:00:01 ETA:  00:00:00

[K100% (3 of 3) |##########################| Elapsed Time: 0:00:01 ETA:  00:00:00

[K * Avg total_loss : 8.901, rec_loss : 7.858, geometry_consistency_loss : 0.000, fft_loss : 0.000, ssim_loss : 0.885, vo_loss : 0.158, vo_photo_loss : 0.149, vo_smooth_loss : 0.004, vo_geometry_loss : 0.005, vo_ssim_loss : 0.000
[K * Avg Loss : 8.901
[K 67% (135 of 200) |##############        | Elapsed Time: 0:09:58 ETA:   0:04:48

[K  0% (0 of 3) |                          | Elapsed Time: 0:00:00 ETA:  --:--:--

[K 33% (1 of 3) |########                  | Elapsed Time: 0:00:01 ETA:   0:00:02

[K 66% (2 of 3) |#################         | Elapsed Time: 0:00:01 ETA:   0:00:00

[K100% (3 of 3) |##########################| Elapsed Time: 0:00:02 ETA:  00:00:00

[K * Avg Loss : 22.089
[K  0% (0 of 3) |                          | Elapsed Time: 0:00:00 ETA:  --:--:--

[K 33% (1 of 3) |########                  | Elapsed Time: 0:00:00 ETA:   0:00:01

[Kvalid: Time 0.687 (0.687) Loss 8.9202 7.8395 0.0000 0.0000 0.8825 0.1981 0.1873 0.0038 0.0071 0.0000 (8.9202 7.8395 0.0000 0.0000 0.8825 0.1981 0.1873 0.0038 0.0071 0.0000)
[K 66% (2 of 3) |#################         | Elapsed Time: 0:00:01 ETA:   0:00:00

[K100% (3 of 3) |##########################| Elapsed Time: 0:00:01 ETA:  00:00:00

[K100% (3 of 3) |##########################| Elapsed Time: 0:00:01 ETA:  00:00:00

[K * Avg total_loss : 8.906, rec_loss : 7.861, geometry_consistency_loss : 0.000, fft_loss : 0.000, ssim_loss : 0.885, vo_loss : 0.160, vo_photo_loss : 0.150, vo_smooth_loss : 0.004, vo_geometry_loss : 0.006, vo_ssim_loss : 0.000
[K * Avg Loss : 8.906
[K 68% (136 of 200) |##############        | Elapsed Time: 0:10:02 ETA:   0:04:43

[K  0% (0 of 3) |                          | Elapsed Time: 0:00:00 ETA:  --:--:--

[K 33% (1 of 3) |########                  | Elapsed Time: 0:00:01 ETA:   0:00:02

[K 66% (2 of 3) |#################         | Elapsed Time: 0:00:01 ETA:   0:00:00

[K100% (3 of 3) |##########################| Elapsed Time: 0:00:02 ETA:  00:00:00

[K * Avg Loss : 22.468
[K  0% (0 of 3) |                          | Elapsed Time: 0:00:00 ETA:  --:--:--

[K 33% (1 of 3) |########                  | Elapsed Time: 0:00:01 ETA:   0:00:02

[Kvalid: Time 1.055 (1.055) Loss 8.9197 7.8388 0.0000 0.0000 0.8824 0.1985 0.1879 0.0037 0.0069 0.0000 (8.9197 7.8388 0.0000 0.0000 0.8824 0.1985 0.1879 0.0037 0.0069 0.0000)
[K 66% (2 of 3) |#################         | Elapsed Time: 0:00:01 ETA:   0:00:00

[K100% (3 of 3) |##########################| Elapsed Time: 0:00:01 ETA:  00:00:00

[K100% (3 of 3) |##########################| Elapsed Time: 0:00:01 ETA:  00:00:00

[K * Avg total_loss : 8.902, rec_loss : 7.859, geometry_consistency_loss : 0.000, fft_loss : 0.000, ssim_loss : 0.885, vo_loss : 0.158, vo_photo_loss : 0.149, vo_smooth_loss : 0.004, vo_geometry_loss : 0.006, vo_ssim_loss : 0.000
[K * Avg Loss : 8.902
[K 68% (137 of 200) |###############       | Elapsed Time: 0:10:07 ETA:   0:04:39

[K  0% (0 of 3) |                          | Elapsed Time: 0:00:00 ETA:  --:--:--

[K 33% (1 of 3) |########                  | Elapsed Time: 0:00:01 ETA:   0:00:02

[K 66% (2 of 3) |#################         | Elapsed Time: 0:00:01 ETA:   0:00:00

[K100% (3 of 3) |##########################| Elapsed Time: 0:00:02 ETA:  00:00:00

[K * Avg Loss : 22.283
[K  0% (0 of 3) |                          | Elapsed Time: 0:00:00 ETA:  --:--:--

[K 33% (1 of 3) |########                  | Elapsed Time: 0:00:00 ETA:   0:00:01

[Kvalid: Time 0.650 (0.650) Loss 8.9172 7.8370 0.0000 0.0000 0.8822 0.1980 0.1879 0.0038 0.0063 0.0000 (8.9172 7.8370 0.0000 0.0000 0.8822 0.1980 0.1879 0.0038 0.0063 0.0000)
[K 66% (2 of 3) |#################         | Elapsed Time: 0:00:01 ETA:   0:00:00

[K100% (3 of 3) |##########################| Elapsed Time: 0:00:01 ETA:  00:00:00

[K100% (3 of 3) |##########################| Elapsed Time: 0:00:01 ETA:  00:00:00

[K * Avg total_loss : 8.903, rec_loss : 7.860, geometry_consistency_loss : 0.000, fft_loss : 0.000, ssim_loss : 0.885, vo_loss : 0.158, vo_photo_loss : 0.149, vo_smooth_loss : 0.004, vo_geometry_loss : 0.006, vo_ssim_loss : 0.000
[K * Avg Loss : 8.903
[K 69% (138 of 200) |###############       | Elapsed Time: 0:10:11 ETA:   0:04:34

[K  0% (0 of 3) |                          | Elapsed Time: 0:00:00 ETA:  --:--:--

[K 33% (1 of 3) |########                  | Elapsed Time: 0:00:01 ETA:   0:00:02

[K 66% (2 of 3) |#################         | Elapsed Time: 0:00:01 ETA:   0:00:00

[K100% (3 of 3) |##########################| Elapsed Time: 0:00:02 ETA:  00:00:00

[K * Avg Loss : 22.537
[K  0% (0 of 3) |                          | Elapsed Time: 0:00:00 ETA:  --:--:--

[K 33% (1 of 3) |########                  | Elapsed Time: 0:00:01 ETA:   0:00:02

[Kvalid: Time 1.083 (1.083) Loss 8.9205 7.8376 0.0000 0.0000 0.8823 0.2006 0.1893 0.0036 0.0077 0.0000 (8.9205 7.8376 0.0000 0.0000 0.8823 0.2006 0.1893 0.0036 0.0077 0.0000)
[K 66% (2 of 3) |#################         | Elapsed Time: 0:00:01 ETA:   0:00:00

[K100% (3 of 3) |##########################| Elapsed Time: 0:00:01 ETA:  00:00:00

[K100% (3 of 3) |##########################| Elapsed Time: 0:00:01 ETA:  00:00:00

[K * Avg total_loss : 8.903, rec_loss : 7.858, geometry_consistency_loss : 0.000, fft_loss : 0.000, ssim_loss : 0.885, vo_loss : 0.160, vo_photo_loss : 0.149, vo_smooth_loss : 0.004, vo_geometry_loss : 0.007, vo_ssim_loss : 0.000
[K * Avg Loss : 8.903
[K 69% (139 of 200) |###############       | Elapsed Time: 0:10:15 ETA:   0:04:30

[K  0% (0 of 3) |                          | Elapsed Time: 0:00:00 ETA:  --:--:--

[K 33% (1 of 3) |########                  | Elapsed Time: 0:00:01 ETA:   0:00:02

[K 66% (2 of 3) |#################         | Elapsed Time: 0:00:01 ETA:   0:00:00

[K100% (3 of 3) |##########################| Elapsed Time: 0:00:02 ETA:  00:00:00

[KTrain: Batch time 0.495 (0.716) Data time 0.001 (0.194) total_loss : 22.474, rec_loss : 7.838, geometry_consistency_loss : 0.000, fft_loss : 0.000, ssim_loss : 0.882, vo_loss : 4.667, vo_photo_loss : 0.146, vo_smooth_loss : 0.004, vo_geometry_loss : 0.006, vo_ssim_loss : 0.000, vo2radar_loss : 9.087
[K * Avg Loss : 22.474
[K  0% (0 of 3) |                          | Elapsed Time: 0:00:00 ETA:  --:--:--

[K 33% (1 of 3) |########                  | Elapsed Time: 0:00:00 ETA:   0:00:01

[Kvalid: Time 0.637 (0.637) Loss 8.9209 7.8367 0.0000 0.0000 0.8822 0.2020 0.1913 0.0037 0.0070 0.0000 (8.9209 7.8367 0.0000 0.0000 0.8822 0.2020 0.1913 0.0037 0.0070 0.0000)
[K 66% (2 of 3) |#################         | Elapsed Time: 0:00:00 ETA:   0:00:00

[K100% (3 of 3) |##########################| Elapsed Time: 0:00:01 ETA:  00:00:00

[K100% (3 of 3) |##########################| Elapsed Time: 0:00:01 ETA:  00:00:00

[K * Avg total_loss : 8.902, rec_loss : 7.859, geometry_consistency_loss : 0.000, fft_loss : 0.000, ssim_loss : 0.885, vo_loss : 0.159, vo_photo_loss : 0.149, vo_smooth_loss : 0.004, vo_geometry_loss : 0.006, vo_ssim_loss : 0.000
[K * Avg Loss : 8.902
[K 70% (140 of 200) |###############       | Elapsed Time: 0:10:20 ETA:   0:04:25

[K  0% (0 of 3) |                          | Elapsed Time: 0:00:00 ETA:  --:--:--

[K 33% (1 of 3) |########                  | Elapsed Time: 0:00:01 ETA:   0:00:02

[K 66% (2 of 3) |#################         | Elapsed Time: 0:00:01 ETA:   0:00:00

[K100% (3 of 3) |##########################| Elapsed Time: 0:00:02 ETA:  00:00:00

[K * Avg Loss : 22.494
[K  0% (0 of 3) |                          | Elapsed Time: 0:00:00 ETA:  --:--:--

[K 33% (1 of 3) |########                  | Elapsed Time: 0:00:01 ETA:   0:00:02

[Kvalid: Time 1.074 (1.074) Loss 8.9185 7.8355 0.0000 0.0000 0.8821 0.2009 0.1906 0.0037 0.0066 0.0000 (8.9185 7.8355 0.0000 0.0000 0.8821 0.2009 0.1906 0.0037 0.0066 0.0000)
[K 66% (2 of 3) |#################         | Elapsed Time: 0:00:01 ETA:   0:00:00

[K100% (3 of 3) |##########################| Elapsed Time: 0:00:01 ETA:  00:00:00

[K100% (3 of 3) |##########################| Elapsed Time: 0:00:01 ETA:  00:00:00

[K * Avg total_loss : 8.901, rec_loss : 7.858, geometry_consistency_loss : 0.000, fft_loss : 0.000, ssim_loss : 0.884, vo_loss : 0.159, vo_photo_loss : 0.149, vo_smooth_loss : 0.004, vo_geometry_loss : 0.006, vo_ssim_loss : 0.000
[K * Avg Loss : 8.901
[K 70% (141 of 200) |###############       | Elapsed Time: 0:10:25 ETA:   0:04:21

[K  0% (0 of 3) |                          | Elapsed Time: 0:00:00 ETA:  --:--:--

[K 33% (1 of 3) |########                  | Elapsed Time: 0:00:01 ETA:   0:00:02

[K 66% (2 of 3) |#################         | Elapsed Time: 0:00:01 ETA:   0:00:00

[K100% (3 of 3) |##########################| Elapsed Time: 0:00:02 ETA:  00:00:00

[K * Avg Loss : 22.038
[K  0% (0 of 3) |                          | Elapsed Time: 0:00:00 ETA:  --:--:--

[K 33% (1 of 3) |########                  | Elapsed Time: 0:00:01 ETA:   0:00:02

[Kvalid: Time 1.051 (1.051) Loss 8.9180 7.8383 0.0000 0.0000 0.8824 0.1974 0.1870 0.0037 0.0067 0.0000 (8.9180 7.8383 0.0000 0.0000 0.8824 0.1974 0.1870 0.0037 0.0067 0.0000)
[K 66% (2 of 3) |#################         | Elapsed Time: 0:00:01 ETA:   0:00:00

[K100% (3 of 3) |##########################| Elapsed Time: 0:00:01 ETA:  00:00:00

[K100% (3 of 3) |##########################| Elapsed Time: 0:00:01 ETA:  00:00:00

[K * Avg total_loss : 8.900, rec_loss : 7.859, geometry_consistency_loss : 0.000, fft_loss : 0.000, ssim_loss : 0.885, vo_loss : 0.157, vo_photo_loss : 0.147, vo_smooth_loss : 0.004, vo_geometry_loss : 0.006, vo_ssim_loss : 0.000
[K * Avg Loss : 8.900
[K 71% (142 of 200) |###############       | Elapsed Time: 0:10:29 ETA:   0:04:17

[K  0% (0 of 3) |                          | Elapsed Time: 0:00:00 ETA:  --:--:--

[K 33% (1 of 3) |########                  | Elapsed Time: 0:00:01 ETA:   0:00:02

[K 66% (2 of 3) |#################         | Elapsed Time: 0:00:01 ETA:   0:00:00

[K100% (3 of 3) |##########################| Elapsed Time: 0:00:02 ETA:  00:00:00

[K * Avg Loss : 22.270
[K  0% (0 of 3) |                          | Elapsed Time: 0:00:00 ETA:  --:--:--

[K 33% (1 of 3) |########                  | Elapsed Time: 0:00:00 ETA:   0:00:01

[Kvalid: Time 0.744 (0.744) Loss 8.9151 7.8364 0.0000 0.0000 0.8822 0.1966 0.1868 0.0038 0.0060 0.0000 (8.9151 7.8364 0.0000 0.0000 0.8822 0.1966 0.1868 0.0038 0.0060 0.0000)
[K 66% (2 of 3) |#################         | Elapsed Time: 0:00:01 ETA:   0:00:00

[K100% (3 of 3) |##########################| Elapsed Time: 0:00:01 ETA:  00:00:00

[K100% (3 of 3) |##########################| Elapsed Time: 0:00:01 ETA:  00:00:00

[K * Avg total_loss : 8.900, rec_loss : 7.859, geometry_consistency_loss : 0.000, fft_loss : 0.000, ssim_loss : 0.885, vo_loss : 0.156, vo_photo_loss : 0.147, vo_smooth_loss : 0.004, vo_geometry_loss : 0.005, vo_ssim_loss : 0.000
[K * Avg Loss : 8.900
[K 71% (143 of 200) |###############       | Elapsed Time: 0:10:34 ETA:   0:04:12

[K  0% (0 of 3) |                          | Elapsed Time: 0:00:00 ETA:  --:--:--

[K 33% (1 of 3) |########                  | Elapsed Time: 0:00:01 ETA:   0:00:02

[K 66% (2 of 3) |#################         | Elapsed Time: 0:00:01 ETA:   0:00:00

[K100% (3 of 3) |##########################| Elapsed Time: 0:00:02 ETA:  00:00:00

[K * Avg Loss : 22.158
[K  0% (0 of 3) |                          | Elapsed Time: 0:00:00 ETA:  --:--:--

[K 33% (1 of 3) |########                  | Elapsed Time: 0:00:00 ETA:   0:00:01

[Kvalid: Time 0.682 (0.682) Loss 8.9189 7.8387 0.0000 0.0000 0.8824 0.1978 0.1877 0.0036 0.0065 0.0000 (8.9189 7.8387 0.0000 0.0000 0.8824 0.1978 0.1877 0.0036 0.0065 0.0000)
[K 66% (2 of 3) |#################         | Elapsed Time: 0:00:00 ETA:   0:00:00

[K100% (3 of 3) |##########################| Elapsed Time: 0:00:01 ETA:  00:00:00

[K100% (3 of 3) |##########################| Elapsed Time: 0:00:01 ETA:  00:00:00

[K * Avg total_loss : 8.903, rec_loss : 7.861, geometry_consistency_loss : 0.000, fft_loss : 0.000, ssim_loss : 0.885, vo_loss : 0.157, vo_photo_loss : 0.148, vo_smooth_loss : 0.004, vo_geometry_loss : 0.006, vo_ssim_loss : 0.000
[K * Avg Loss : 8.903
[K 72% (144 of 200) |###############       | Elapsed Time: 0:10:38 ETA:   0:04:08

[K  0% (0 of 3) |                          | Elapsed Time: 0:00:00 ETA:  --:--:--

[K 33% (1 of 3) |########                  | Elapsed Time: 0:00:01 ETA:   0:00:02

[K 66% (2 of 3) |#################         | Elapsed Time: 0:00:01 ETA:   0:00:00

[K100% (3 of 3) |##########################| Elapsed Time: 0:00:02 ETA:  00:00:00

[KTrain: Batch time 0.511 (0.738) Data time 0.002 (0.197) total_loss : 22.083, rec_loss : 7.844, geometry_consistency_loss : 0.000, fft_loss : 0.000, ssim_loss : 0.883, vo_loss : 4.261, vo_photo_loss : 0.133, vo_smooth_loss : 0.004, vo_geometry_loss : 0.006, vo_ssim_loss : 0.000, vo2radar_loss : 9.094
[K * Avg Loss : 22.083
[K  0% (0 of 3) |                          | Elapsed Time: 0:00:00 ETA:  --:--:--

[K 33% (1 of 3) |########                  | Elapsed Time: 0:00:00 ETA:   0:00:01

[Kvalid: Time 0.675 (0.675) Loss 8.9223 7.8373 0.0000 0.0000 0.8823 0.2028 0.1922 0.0036 0.0070 0.0000 (8.9223 7.8373 0.0000 0.0000 0.8823 0.2028 0.1922 0.0036 0.0070 0.0000)
[K 66% (2 of 3) |#################         | Elapsed Time: 0:00:01 ETA:   0:00:00

[K100% (3 of 3) |##########################| Elapsed Time: 0:00:01 ETA:  00:00:00

[K100% (3 of 3) |##########################| Elapsed Time: 0:00:01 ETA:  00:00:00

[K * Avg total_loss : 8.905, rec_loss : 7.859, geometry_consistency_loss : 0.000, fft_loss : 0.000, ssim_loss : 0.885, vo_loss : 0.161, vo_photo_loss : 0.150, vo_smooth_loss : 0.004, vo_geometry_loss : 0.007, vo_ssim_loss : 0.000
[K * Avg Loss : 8.905
[K 72% (145 of 200) |###############       | Elapsed Time: 0:10:43 ETA:   0:04:04

[K  0% (0 of 3) |                          | Elapsed Time: 0:00:00 ETA:  --:--:--

[K 33% (1 of 3) |########                  | Elapsed Time: 0:00:01 ETA:   0:00:02

[K 66% (2 of 3) |#################         | Elapsed Time: 0:00:01 ETA:   0:00:00

[K100% (3 of 3) |##########################| Elapsed Time: 0:00:02 ETA:  00:00:00

[K * Avg Loss : 22.084
[K  0% (0 of 3) |                          | Elapsed Time: 0:00:00 ETA:  --:--:--

[K 33% (1 of 3) |########                  | Elapsed Time: 0:00:01 ETA:   0:00:02

[Kvalid: Time 1.119 (1.119) Loss 8.9175 7.8364 0.0000 0.0000 0.8822 0.1989 0.1893 0.0036 0.0061 0.0000 (8.9175 7.8364 0.0000 0.0000 0.8822 0.1989 0.1893 0.0036 0.0061 0.0000)
[K 66% (2 of 3) |#################         | Elapsed Time: 0:00:01 ETA:   0:00:00

[K100% (3 of 3) |##########################| Elapsed Time: 0:00:01 ETA:  00:00:00

[K100% (3 of 3) |##########################| Elapsed Time: 0:00:01 ETA:  00:00:00

[K * Avg total_loss : 8.901, rec_loss : 7.858, geometry_consistency_loss : 0.000, fft_loss : 0.000, ssim_loss : 0.885, vo_loss : 0.158, vo_photo_loss : 0.148, vo_smooth_loss : 0.004, vo_geometry_loss : 0.006, vo_ssim_loss : 0.000
[K * Avg Loss : 8.901
[K 73% (146 of 200) |################      | Elapsed Time: 0:10:48 ETA:   0:03:59

[K  0% (0 of 3) |                          | Elapsed Time: 0:00:00 ETA:  --:--:--

[K 33% (1 of 3) |########                  | Elapsed Time: 0:00:01 ETA:   0:00:02

[K 66% (2 of 3) |#################         | Elapsed Time: 0:00:01 ETA:   0:00:00

[K100% (3 of 3) |##########################| Elapsed Time: 0:00:02 ETA:  00:00:00

[K * Avg Loss : 22.060
[K  0% (0 of 3) |                          | Elapsed Time: 0:00:00 ETA:  --:--:--

[K 33% (1 of 3) |########                  | Elapsed Time: 0:00:00 ETA:   0:00:01

[Kvalid: Time 0.644 (0.644) Loss 8.9201 7.8356 0.0000 0.0000 0.8821 0.2024 0.1927 0.0037 0.0060 0.0000 (8.9201 7.8356 0.0000 0.0000 0.8821 0.2024 0.1927 0.0037 0.0060 0.0000)
[K 66% (2 of 3) |#################         | Elapsed Time: 0:00:00 ETA:   0:00:00

[K100% (3 of 3) |##########################| Elapsed Time: 0:00:01 ETA:  00:00:00

[K100% (3 of 3) |##########################| Elapsed Time: 0:00:01 ETA:  00:00:00

[K * Avg total_loss : 8.901, rec_loss : 7.858, geometry_consistency_loss : 0.000, fft_loss : 0.000, ssim_loss : 0.884, vo_loss : 0.159, vo_photo_loss : 0.150, vo_smooth_loss : 0.004, vo_geometry_loss : 0.005, vo_ssim_loss : 0.000
[K * Avg Loss : 8.901
[K 73% (147 of 200) |################      | Elapsed Time: 0:10:52 ETA:   0:03:55

[K  0% (0 of 3) |                          | Elapsed Time: 0:00:00 ETA:  --:--:--

[K 33% (1 of 3) |########                  | Elapsed Time: 0:00:01 ETA:   0:00:02

[K 66% (2 of 3) |#################         | Elapsed Time: 0:00:01 ETA:   0:00:00

[K100% (3 of 3) |##########################| Elapsed Time: 0:00:02 ETA:  00:00:00

[K * Avg Loss : 22.054
[K  0% (0 of 3) |                          | Elapsed Time: 0:00:00 ETA:  --:--:--

[K 33% (1 of 3) |########                  | Elapsed Time: 0:00:01 ETA:   0:00:02

[Kvalid: Time 1.157 (1.157) Loss 8.9167 7.8377 0.0000 0.0000 0.8823 0.1967 0.1868 0.0037 0.0061 0.0000 (8.9167 7.8377 0.0000 0.0000 0.8823 0.1967 0.1868 0.0037 0.0061 0.0000)
[K 66% (2 of 3) |#################         | Elapsed Time: 0:00:01 ETA:   0:00:00

[K100% (3 of 3) |##########################| Elapsed Time: 0:00:01 ETA:  00:00:00

[K100% (3 of 3) |##########################| Elapsed Time: 0:00:01 ETA:  00:00:00

[K * Avg total_loss : 8.902, rec_loss : 7.859, geometry_consistency_loss : 0.000, fft_loss : 0.000, ssim_loss : 0.885, vo_loss : 0.158, vo_photo_loss : 0.149, vo_smooth_loss : 0.004, vo_geometry_loss : 0.006, vo_ssim_loss : 0.000
[K * Avg Loss : 8.902
[K 74% (148 of 200) |################      | Elapsed Time: 0:10:57 ETA:   0:03:50

[K  0% (0 of 3) |                          | Elapsed Time: 0:00:00 ETA:  --:--:--

[K 33% (1 of 3) |########                  | Elapsed Time: 0:00:01 ETA:   0:00:02

[K 66% (2 of 3) |#################         | Elapsed Time: 0:00:01 ETA:   0:00:00

[K100% (3 of 3) |##########################| Elapsed Time: 0:00:02 ETA:  00:00:00

[K * Avg Loss : 22.048
[K  0% (0 of 3) |                          | Elapsed Time: 0:00:00 ETA:  --:--:--

[K 33% (1 of 3) |########                  | Elapsed Time: 0:00:00 ETA:   0:00:01

[Kvalid: Time 0.997 (0.997) Loss 8.9194 7.8380 0.0000 0.0000 0.8823 0.1991 0.1895 0.0037 0.0059 0.0000 (8.9194 7.8380 0.0000 0.0000 0.8823 0.1991 0.1895 0.0037 0.0059 0.0000)
[K 66% (2 of 3) |#################         | Elapsed Time: 0:00:01 ETA:   0:00:00

[K100% (3 of 3) |##########################| Elapsed Time: 0:00:01 ETA:  00:00:00

[K100% (3 of 3) |##########################| Elapsed Time: 0:00:01 ETA:  00:00:00

[K * Avg total_loss : 8.902, rec_loss : 7.859, geometry_consistency_loss : 0.000, fft_loss : 0.000, ssim_loss : 0.885, vo_loss : 0.158, vo_photo_loss : 0.149, vo_smooth_loss : 0.004, vo_geometry_loss : 0.005, vo_ssim_loss : 0.000
[K * Avg Loss : 8.902
[K 74% (149 of 200) |################      | Elapsed Time: 0:11:01 ETA:   0:03:46

[K  0% (0 of 3) |                          | Elapsed Time: 0:00:00 ETA:  --:--:--

[K 33% (1 of 3) |########                  | Elapsed Time: 0:00:01 ETA:   0:00:02

[K 66% (2 of 3) |#################         | Elapsed Time: 0:00:01 ETA:   0:00:00

[K100% (3 of 3) |##########################| Elapsed Time: 0:00:02 ETA:  00:00:00

[KTrain: Batch time 0.504 (0.714) Data time 0.002 (0.196) total_loss : 22.157, rec_loss : 7.847, geometry_consistency_loss : 0.000, fft_loss : 0.000, ssim_loss : 0.883, vo_loss : 4.337, vo_photo_loss : 0.135, vo_smooth_loss : 0.004, vo_geometry_loss : 0.005, vo_ssim_loss : 0.000, vo2radar_loss : 9.089
[K * Avg Loss : 22.157
[K  0% (0 of 3) |                          | Elapsed Time: 0:00:00 ETA:  --:--:--

[K 33% (1 of 3) |########                  | Elapsed Time: 0:00:01 ETA:   0:00:02

[Kvalid: Time 1.032 (1.032) Loss 8.9159 7.8367 0.0000 0.0000 0.8822 0.1970 0.1862 0.0038 0.0070 0.0000 (8.9159 7.8367 0.0000 0.0000 0.8822 0.1970 0.1862 0.0038 0.0070 0.0000)
[K 66% (2 of 3) |#################         | Elapsed Time: 0:00:01 ETA:   0:00:00

[K100% (3 of 3) |##########################| Elapsed Time: 0:00:01 ETA:  00:00:00

[K100% (3 of 3) |##########################| Elapsed Time: 0:00:01 ETA:  00:00:00

[K * Avg total_loss : 8.899, rec_loss : 7.858, geometry_consistency_loss : 0.000, fft_loss : 0.000, ssim_loss : 0.884, vo_loss : 0.156, vo_photo_loss : 0.147, vo_smooth_loss : 0.004, vo_geometry_loss : 0.006, vo_ssim_loss : 0.000
[K * Avg Loss : 8.899
[K 75% (150 of 200) |################      | Elapsed Time: 0:11:06 ETA:   0:03:42

[K  0% (0 of 3) |                          | Elapsed Time: 0:00:00 ETA:  --:--:--

[K 33% (1 of 3) |########                  | Elapsed Time: 0:00:01 ETA:   0:00:02

[K 66% (2 of 3) |#################         | Elapsed Time: 0:00:01 ETA:   0:00:00

[K100% (3 of 3) |##########################| Elapsed Time: 0:00:02 ETA:  00:00:00

[K * Avg Loss : 22.387
[K  0% (0 of 3) |                          | Elapsed Time: 0:00:00 ETA:  --:--:--

[K 33% (1 of 3) |########                  | Elapsed Time: 0:00:00 ETA:   0:00:01

[Kvalid: Time 0.657 (0.657) Loss 8.9208 7.8417 0.0000 0.0000 0.8828 0.1964 0.1857 0.0037 0.0070 0.0000 (8.9208 7.8417 0.0000 0.0000 0.8828 0.1964 0.1857 0.0037 0.0070 0.0000)
[K 66% (2 of 3) |#################         | Elapsed Time: 0:00:00 ETA:   0:00:00

[K100% (3 of 3) |##########################| Elapsed Time: 0:00:01 ETA:  00:00:00

[K100% (3 of 3) |##########################| Elapsed Time: 0:00:01 ETA:  00:00:00

[K * Avg total_loss : 8.904, rec_loss : 7.862, geometry_consistency_loss : 0.000, fft_loss : 0.000, ssim_loss : 0.885, vo_loss : 0.157, vo_photo_loss : 0.147, vo_smooth_loss : 0.004, vo_geometry_loss : 0.006, vo_ssim_loss : 0.000
[K * Avg Loss : 8.904
[K 75% (151 of 200) |################      | Elapsed Time: 0:11:10 ETA:   0:03:37

[K  0% (0 of 3) |                          | Elapsed Time: 0:00:00 ETA:  --:--:--

[K 33% (1 of 3) |########                  | Elapsed Time: 0:00:01 ETA:   0:00:02

[K 66% (2 of 3) |#################         | Elapsed Time: 0:00:01 ETA:   0:00:00

[K100% (3 of 3) |##########################| Elapsed Time: 0:00:02 ETA:  00:00:00

[K * Avg Loss : 22.349
[K  0% (0 of 3) |                          | Elapsed Time: 0:00:00 ETA:  --:--:--

[K 33% (1 of 3) |########                  | Elapsed Time: 0:00:01 ETA:   0:00:02

[Kvalid: Time 1.068 (1.068) Loss 8.9180 7.8382 0.0000 0.0000 0.8824 0.1974 0.1872 0.0036 0.0066 0.0000 (8.9180 7.8382 0.0000 0.0000 0.8824 0.1974 0.1872 0.0036 0.0066 0.0000)
[K 66% (2 of 3) |#################         | Elapsed Time: 0:00:01 ETA:   0:00:00

[K100% (3 of 3) |##########################| Elapsed Time: 0:00:01 ETA:  00:00:00

[K100% (3 of 3) |##########################| Elapsed Time: 0:00:01 ETA:  00:00:00

[K * Avg total_loss : 8.901, rec_loss : 7.859, geometry_consistency_loss : 0.000, fft_loss : 0.000, ssim_loss : 0.885, vo_loss : 0.157, vo_photo_loss : 0.147, vo_smooth_loss : 0.004, vo_geometry_loss : 0.006, vo_ssim_loss : 0.000
[K * Avg Loss : 8.901
[K 76% (152 of 200) |################      | Elapsed Time: 0:11:14 ETA:   0:03:33

[K  0% (0 of 3) |                          | Elapsed Time: 0:00:00 ETA:  --:--:--

[K 33% (1 of 3) |########                  | Elapsed Time: 0:00:01 ETA:   0:00:02

[K 66% (2 of 3) |#################         | Elapsed Time: 0:00:01 ETA:   0:00:00

[K100% (3 of 3) |##########################| Elapsed Time: 0:00:02 ETA:  00:00:00

[K * Avg Loss : 22.285
[K  0% (0 of 3) |                          | Elapsed Time: 0:00:00 ETA:  --:--:--

[K 33% (1 of 3) |########                  | Elapsed Time: 0:00:00 ETA:   0:00:01

[Kvalid: Time 0.592 (0.592) Loss 8.9194 7.8394 0.0000 0.0000 0.8825 0.1975 0.1875 0.0036 0.0063 0.0000 (8.9194 7.8394 0.0000 0.0000 0.8825 0.1975 0.1875 0.0036 0.0063 0.0000)
[K 66% (2 of 3) |#################         | Elapsed Time: 0:00:01 ETA:   0:00:00

[K100% (3 of 3) |##########################| Elapsed Time: 0:00:01 ETA:  00:00:00

[K100% (3 of 3) |##########################| Elapsed Time: 0:00:01 ETA:  00:00:00

[K * Avg total_loss : 8.903, rec_loss : 7.861, geometry_consistency_loss : 0.000, fft_loss : 0.000, ssim_loss : 0.885, vo_loss : 0.157, vo_photo_loss : 0.148, vo_smooth_loss : 0.004, vo_geometry_loss : 0.006, vo_ssim_loss : 0.000
[K * Avg Loss : 8.903
[K 76% (153 of 200) |################      | Elapsed Time: 0:11:19 ETA:   0:03:28

[K  0% (0 of 3) |                          | Elapsed Time: 0:00:00 ETA:  --:--:--

[K 33% (1 of 3) |########                  | Elapsed Time: 0:00:01 ETA:   0:00:02

[K 66% (2 of 3) |#################         | Elapsed Time: 0:00:01 ETA:   0:00:00

[K100% (3 of 3) |##########################| Elapsed Time: 0:00:02 ETA:  00:00:00

[K * Avg Loss : 22.405
[K  0% (0 of 3) |                          | Elapsed Time: 0:00:00 ETA:  --:--:--

[K 33% (1 of 3) |########                  | Elapsed Time: 0:00:00 ETA:   0:00:01

[Kvalid: Time 0.681 (0.681) Loss 8.9159 7.8371 0.0000 0.0000 0.8822 0.1966 0.1869 0.0038 0.0058 0.0000 (8.9159 7.8371 0.0000 0.0000 0.8822 0.1966 0.1869 0.0038 0.0058 0.0000)
[K 66% (2 of 3) |#################         | Elapsed Time: 0:00:00 ETA:   0:00:00

[K100% (3 of 3) |##########################| Elapsed Time: 0:00:01 ETA:  00:00:00

[K100% (3 of 3) |##########################| Elapsed Time: 0:00:01 ETA:  00:00:00

[K * Avg total_loss : 8.899, rec_loss : 7.858, geometry_consistency_loss : 0.000, fft_loss : 0.000, ssim_loss : 0.884, vo_loss : 0.156, vo_photo_loss : 0.148, vo_smooth_loss : 0.004, vo_geometry_loss : 0.005, vo_ssim_loss : 0.000
[K * Avg Loss : 8.899
[K 77% (154 of 200) |################      | Elapsed Time: 0:11:23 ETA:   0:03:24

[K  0% (0 of 3) |                          | Elapsed Time: 0:00:00 ETA:  --:--:--

[K 33% (1 of 3) |########                  | Elapsed Time: 0:00:01 ETA:   0:00:02

[K 66% (2 of 3) |#################         | Elapsed Time: 0:00:01 ETA:   0:00:00

[K100% (3 of 3) |##########################| Elapsed Time: 0:00:02 ETA:  00:00:00

[KTrain: Batch time 0.497 (0.723) Data time 0.001 (0.206) total_loss : 22.326, rec_loss : 7.868, geometry_consistency_loss : 0.000, fft_loss : 0.000, ssim_loss : 0.886, vo_loss : 4.485, vo_photo_loss : 0.141, vo_smooth_loss : 0.004, vo_geometry_loss : 0.005, vo_ssim_loss : 0.000, vo2radar_loss : 9.088
[K * Avg Loss : 22.326
[K  0% (0 of 3) |                          | Elapsed Time: 0:00:00 ETA:  --:--:--

[K 33% (1 of 3) |########                  | Elapsed Time: 0:00:00 ETA:   0:00:01

[Kvalid: Time 0.626 (0.626) Loss 8.9184 7.8390 0.0000 0.0000 0.8825 0.1969 0.1866 0.0037 0.0066 0.0000 (8.9184 7.8390 0.0000 0.0000 0.8825 0.1969 0.1866 0.0037 0.0066 0.0000)
[K 66% (2 of 3) |#################         | Elapsed Time: 0:00:01 ETA:   0:00:00

[K100% (3 of 3) |##########################| Elapsed Time: 0:00:01 ETA:  00:00:00

[K100% (3 of 3) |##########################| Elapsed Time: 0:00:01 ETA:  00:00:00

[K * Avg total_loss : 8.902, rec_loss : 7.860, geometry_consistency_loss : 0.000, fft_loss : 0.000, ssim_loss : 0.885, vo_loss : 0.157, vo_photo_loss : 0.147, vo_smooth_loss : 0.004, vo_geometry_loss : 0.006, vo_ssim_loss : 0.000
[K * Avg Loss : 8.902
[K 77% (155 of 200) |#################     | Elapsed Time: 0:11:28 ETA:   0:03:19

[K  0% (0 of 3) |                          | Elapsed Time: 0:00:00 ETA:  --:--:--

[K 33% (1 of 3) |########                  | Elapsed Time: 0:00:01 ETA:   0:00:02

[K 66% (2 of 3) |#################         | Elapsed Time: 0:00:01 ETA:   0:00:00

[K100% (3 of 3) |##########################| Elapsed Time: 0:00:02 ETA:  00:00:00

[K * Avg Loss : 22.278
[K  0% (0 of 3) |                          | Elapsed Time: 0:00:00 ETA:  --:--:--

[K 33% (1 of 3) |########                  | Elapsed Time: 0:00:00 ETA:   0:00:01

[Kvalid: Time 0.639 (0.639) Loss 8.9179 7.8392 0.0000 0.0000 0.8825 0.1962 0.1868 0.0039 0.0055 0.0000 (8.9179 7.8392 0.0000 0.0000 0.8825 0.1962 0.1868 0.0039 0.0055 0.0000)
[K 66% (2 of 3) |#################         | Elapsed Time: 0:00:00 ETA:   0:00:00

[K100% (3 of 3) |##########################| Elapsed Time: 0:00:01 ETA:  00:00:00

[K100% (3 of 3) |##########################| Elapsed Time: 0:00:01 ETA:  00:00:00

[K * Avg total_loss : 8.902, rec_loss : 7.860, geometry_consistency_loss : 0.000, fft_loss : 0.000, ssim_loss : 0.885, vo_loss : 0.157, vo_photo_loss : 0.148, vo_smooth_loss : 0.004, vo_geometry_loss : 0.005, vo_ssim_loss : 0.000
[K * Avg Loss : 8.902
[K 78% (156 of 200) |#################     | Elapsed Time: 0:11:32 ETA:   0:03:15

[K  0% (0 of 3) |                          | Elapsed Time: 0:00:00 ETA:  --:--:--

[K 33% (1 of 3) |########                  | Elapsed Time: 0:00:01 ETA:   0:00:02

[K 66% (2 of 3) |#################         | Elapsed Time: 0:00:01 ETA:   0:00:00

[K100% (3 of 3) |##########################| Elapsed Time: 0:00:02 ETA:  00:00:00

[K * Avg Loss : 22.343
[K  0% (0 of 3) |                          | Elapsed Time: 0:00:00 ETA:  --:--:--

[K 33% (1 of 3) |########                  | Elapsed Time: 0:00:00 ETA:   0:00:01

[Kvalid: Time 0.613 (0.613) Loss 8.9164 7.8381 0.0000 0.0000 0.8824 0.1960 0.1857 0.0036 0.0067 0.0000 (8.9164 7.8381 0.0000 0.0000 0.8824 0.1960 0.1857 0.0036 0.0067 0.0000)
[K 66% (2 of 3) |#################         | Elapsed Time: 0:00:00 ETA:   0:00:00

[K100% (3 of 3) |##########################| Elapsed Time: 0:00:01 ETA:  00:00:00

[K100% (3 of 3) |##########################| Elapsed Time: 0:00:01 ETA:  00:00:00

[K * Avg total_loss : 8.899, rec_loss : 7.858, geometry_consistency_loss : 0.000, fft_loss : 0.000, ssim_loss : 0.884, vo_loss : 0.157, vo_photo_loss : 0.147, vo_smooth_loss : 0.004, vo_geometry_loss : 0.006, vo_ssim_loss : 0.000
[K * Avg Loss : 8.899
[K 78% (157 of 200) |#################     | Elapsed Time: 0:11:37 ETA:   0:03:10

[K  0% (0 of 3) |                          | Elapsed Time: 0:00:00 ETA:  --:--:--

[K 33% (1 of 3) |########                  | Elapsed Time: 0:00:01 ETA:   0:00:02

[K 66% (2 of 3) |#################         | Elapsed Time: 0:00:01 ETA:   0:00:00

[K100% (3 of 3) |##########################| Elapsed Time: 0:00:02 ETA:  00:00:00

[K * Avg Loss : 22.220
[K  0% (0 of 3) |                          | Elapsed Time: 0:00:00 ETA:  --:--:--

[K 33% (1 of 3) |########                  | Elapsed Time: 0:00:01 ETA:   0:00:02

[Kvalid: Time 1.088 (1.088) Loss 8.9169 7.8383 0.0000 0.0000 0.8824 0.1962 0.1866 0.0038 0.0058 0.0000 (8.9169 7.8383 0.0000 0.0000 0.8824 0.1962 0.1866 0.0038 0.0058 0.0000)
[K 66% (2 of 3) |#################         | Elapsed Time: 0:00:01 ETA:   0:00:00

[K100% (3 of 3) |##########################| Elapsed Time: 0:00:01 ETA:  00:00:00

[K100% (3 of 3) |##########################| Elapsed Time: 0:00:01 ETA:  00:00:00

[K * Avg total_loss : 8.901, rec_loss : 7.858, geometry_consistency_loss : 0.000, fft_loss : 0.000, ssim_loss : 0.885, vo_loss : 0.158, vo_photo_loss : 0.148, vo_smooth_loss : 0.004, vo_geometry_loss : 0.006, vo_ssim_loss : 0.000
[K * Avg Loss : 8.901
[K 79% (158 of 200) |#################     | Elapsed Time: 0:11:41 ETA:   0:03:06

[K  0% (0 of 3) |                          | Elapsed Time: 0:00:00 ETA:  --:--:--

[K 33% (1 of 3) |########                  | Elapsed Time: 0:00:01 ETA:   0:00:02

[K 66% (2 of 3) |#################         | Elapsed Time: 0:00:01 ETA:   0:00:00

[K100% (3 of 3) |##########################| Elapsed Time: 0:00:02 ETA:  00:00:00

[K * Avg Loss : 22.146
[K  0% (0 of 3) |                          | Elapsed Time: 0:00:00 ETA:  --:--:--

[K 33% (1 of 3) |########                  | Elapsed Time: 0:00:01 ETA:   0:00:02

[Kvalid: Time 1.023 (1.023) Loss 8.9168 7.8359 0.0000 0.0000 0.8821 0.1988 0.1888 0.0037 0.0064 0.0000 (8.9168 7.8359 0.0000 0.0000 0.8821 0.1988 0.1888 0.0037 0.0064 0.0000)
[K 66% (2 of 3) |#################         | Elapsed Time: 0:00:01 ETA:   0:00:00

[K100% (3 of 3) |##########################| Elapsed Time: 0:00:01 ETA:  00:00:00

[K100% (3 of 3) |##########################| Elapsed Time: 0:00:01 ETA:  00:00:00

[K * Avg total_loss : 8.901, rec_loss : 7.858, geometry_consistency_loss : 0.000, fft_loss : 0.000, ssim_loss : 0.884, vo_loss : 0.158, vo_photo_loss : 0.149, vo_smooth_loss : 0.004, vo_geometry_loss : 0.006, vo_ssim_loss : 0.000
[K * Avg Loss : 8.901
[K 79% (159 of 200) |#################     | Elapsed Time: 0:11:45 ETA:   0:03:01

[K  0% (0 of 3) |                          | Elapsed Time: 0:00:00 ETA:  --:--:--

[K 33% (1 of 3) |########                  | Elapsed Time: 0:00:01 ETA:   0:00:02

[K 66% (2 of 3) |#################         | Elapsed Time: 0:00:01 ETA:   0:00:00

[K100% (3 of 3) |##########################| Elapsed Time: 0:00:02 ETA:  00:00:00

[KTrain: Batch time 0.524 (0.734) Data time 0.002 (0.202) total_loss : 22.096, rec_loss : 7.863, geometry_consistency_loss : 0.000, fft_loss : 0.000, ssim_loss : 0.885, vo_loss : 4.247, vo_photo_loss : 0.132, vo_smooth_loss : 0.004, vo_geometry_loss : 0.006, vo_ssim_loss : 0.000, vo2radar_loss : 9.101
[K * Avg Loss : 22.096
[K  0% (0 of 3) |                          | Elapsed Time: 0:00:00 ETA:  --:--:--

[K 33% (1 of 3) |########                  | Elapsed Time: 0:00:00 ETA:   0:00:01

[Kvalid: Time 0.614 (0.614) Loss 8.9222 7.8379 0.0000 0.0000 0.8823 0.2019 0.1921 0.0038 0.0060 0.0000 (8.9222 7.8379 0.0000 0.0000 0.8823 0.2019 0.1921 0.0038 0.0060 0.0000)
[K 66% (2 of 3) |#################         | Elapsed Time: 0:00:00 ETA:   0:00:00

[K100% (3 of 3) |##########################| Elapsed Time: 0:00:01 ETA:  00:00:00

[K100% (3 of 3) |##########################| Elapsed Time: 0:00:01 ETA:  00:00:00

[K * Avg total_loss : 8.905, rec_loss : 7.859, geometry_consistency_loss : 0.000, fft_loss : 0.000, ssim_loss : 0.885, vo_loss : 0.161, vo_photo_loss : 0.152, vo_smooth_loss : 0.004, vo_geometry_loss : 0.006, vo_ssim_loss : 0.000
[K * Avg Loss : 8.905
[K 80% (160 of 200) |#################     | Elapsed Time: 0:11:50 ETA:   0:02:57

[K  0% (0 of 3) |                          | Elapsed Time: 0:00:00 ETA:  --:--:--

[K 33% (1 of 3) |########                  | Elapsed Time: 0:00:01 ETA:   0:00:02

[K 66% (2 of 3) |#################         | Elapsed Time: 0:00:01 ETA:   0:00:00

[K100% (3 of 3) |##########################| Elapsed Time: 0:00:02 ETA:  00:00:00

[K * Avg Loss : 22.014
[K  0% (0 of 3) |                          | Elapsed Time: 0:00:00 ETA:  --:--:--

[K 33% (1 of 3) |########                  | Elapsed Time: 0:00:00 ETA:   0:00:01

[Kvalid: Time 0.622 (0.622) Loss 8.9180 7.8382 0.0000 0.0000 0.8824 0.1974 0.1874 0.0036 0.0063 0.0000 (8.9180 7.8382 0.0000 0.0000 0.8824 0.1974 0.1874 0.0036 0.0063 0.0000)
[K 66% (2 of 3) |#################         | Elapsed Time: 0:00:01 ETA:   0:00:00

[K100% (3 of 3) |##########################| Elapsed Time: 0:00:01 ETA:  00:00:00

[K100% (3 of 3) |##########################| Elapsed Time: 0:00:01 ETA:  00:00:00

[K * Avg total_loss : 8.901, rec_loss : 7.859, geometry_consistency_loss : 0.000, fft_loss : 0.000, ssim_loss : 0.885, vo_loss : 0.157, vo_photo_loss : 0.148, vo_smooth_loss : 0.004, vo_geometry_loss : 0.006, vo_ssim_loss : 0.000
[K * Avg Loss : 8.901
[K 80% (161 of 200) |#################     | Elapsed Time: 0:11:54 ETA:   0:02:53

[K  0% (0 of 3) |                          | Elapsed Time: 0:00:00 ETA:  --:--:--

[K 33% (1 of 3) |########                  | Elapsed Time: 0:00:01 ETA:   0:00:02

[K 66% (2 of 3) |#################         | Elapsed Time: 0:00:01 ETA:   0:00:00

[K100% (3 of 3) |##########################| Elapsed Time: 0:00:02 ETA:  00:00:00

[K * Avg Loss : 22.183
[K  0% (0 of 3) |                          | Elapsed Time: 0:00:00 ETA:  --:--:--

[K 33% (1 of 3) |########                  | Elapsed Time: 0:00:01 ETA:   0:00:02

[Kvalid: Time 1.134 (1.134) Loss 8.9185 7.8382 0.0000 0.0000 0.8824 0.1979 0.1884 0.0039 0.0056 0.0000 (8.9185 7.8382 0.0000 0.0000 0.8824 0.1979 0.1884 0.0039 0.0056 0.0000)
[K 66% (2 of 3) |#################         | Elapsed Time: 0:00:01 ETA:   0:00:00

[K100% (3 of 3) |##########################| Elapsed Time: 0:00:01 ETA:  00:00:00

[K100% (3 of 3) |##########################| Elapsed Time: 0:00:01 ETA:  00:00:00

[K * Avg total_loss : 8.902, rec_loss : 7.859, geometry_consistency_loss : 0.000, fft_loss : 0.000, ssim_loss : 0.885, vo_loss : 0.158, vo_photo_loss : 0.149, vo_smooth_loss : 0.004, vo_geometry_loss : 0.006, vo_ssim_loss : 0.000
[K * Avg Loss : 8.902
[K 81% (162 of 200) |#################     | Elapsed Time: 0:11:58 ETA:   0:02:48

[K  0% (0 of 3) |                          | Elapsed Time: 0:00:00 ETA:  --:--:--

[K 33% (1 of 3) |########                  | Elapsed Time: 0:00:01 ETA:   0:00:02

[K 66% (2 of 3) |#################         | Elapsed Time: 0:00:01 ETA:   0:00:00

[K100% (3 of 3) |##########################| Elapsed Time: 0:00:02 ETA:  00:00:00

[K * Avg Loss : 22.485
[K  0% (0 of 3) |                          | Elapsed Time: 0:00:00 ETA:  --:--:--

[K 33% (1 of 3) |########                  | Elapsed Time: 0:00:01 ETA:   0:00:02

[Kvalid: Time 1.096 (1.096) Loss 8.9200 7.8390 0.0000 0.0000 0.8825 0.1986 0.1881 0.0037 0.0068 0.0000 (8.9200 7.8390 0.0000 0.0000 0.8825 0.1986 0.1881 0.0037 0.0068 0.0000)
[K 66% (2 of 3) |#################         | Elapsed Time: 0:00:01 ETA:   0:00:00

[K100% (3 of 3) |##########################| Elapsed Time: 0:00:01 ETA:  00:00:00

[K100% (3 of 3) |##########################| Elapsed Time: 0:00:01 ETA:  00:00:00

[K * Avg total_loss : 8.904, rec_loss : 7.861, geometry_consistency_loss : 0.000, fft_loss : 0.000, ssim_loss : 0.885, vo_loss : 0.159, vo_photo_loss : 0.149, vo_smooth_loss : 0.004, vo_geometry_loss : 0.006, vo_ssim_loss : 0.000
[K * Avg Loss : 8.904
[K 81% (163 of 200) |#################     | Elapsed Time: 0:12:03 ETA:   0:02:44

[K  0% (0 of 3) |                          | Elapsed Time: 0:00:00 ETA:  --:--:--

[K 33% (1 of 3) |########                  | Elapsed Time: 0:00:01 ETA:   0:00:02

[K 66% (2 of 3) |#################         | Elapsed Time: 0:00:01 ETA:   0:00:00

[K100% (3 of 3) |##########################| Elapsed Time: 0:00:02 ETA:  00:00:00

[K * Avg Loss : 22.133
[K  0% (0 of 3) |                          | Elapsed Time: 0:00:00 ETA:  --:--:--

[K 33% (1 of 3) |########                  | Elapsed Time: 0:00:00 ETA:   0:00:01

[Kvalid: Time 0.651 (0.651) Loss 8.9187 7.8383 0.0000 0.0000 0.8824 0.1981 0.1880 0.0037 0.0063 0.0000 (8.9187 7.8383 0.0000 0.0000 0.8824 0.1981 0.1880 0.0037 0.0063 0.0000)
[K 66% (2 of 3) |#################         | Elapsed Time: 0:00:01 ETA:   0:00:00

[K100% (3 of 3) |##########################| Elapsed Time: 0:00:01 ETA:  00:00:00

[K100% (3 of 3) |##########################| Elapsed Time: 0:00:01 ETA:  00:00:00

[K * Avg total_loss : 8.902, rec_loss : 7.859, geometry_consistency_loss : 0.000, fft_loss : 0.000, ssim_loss : 0.885, vo_loss : 0.158, vo_photo_loss : 0.148, vo_smooth_loss : 0.004, vo_geometry_loss : 0.006, vo_ssim_loss : 0.000
[K * Avg Loss : 8.902
[K 82% (164 of 200) |##################    | Elapsed Time: 0:12:07 ETA:   0:02:39

[K  0% (0 of 3) |                          | Elapsed Time: 0:00:00 ETA:  --:--:--

[K 33% (1 of 3) |########                  | Elapsed Time: 0:00:01 ETA:   0:00:02

[K 66% (2 of 3) |#################         | Elapsed Time: 0:00:01 ETA:   0:00:00

[K100% (3 of 3) |##########################| Elapsed Time: 0:00:02 ETA:  00:00:00

[KTrain: Batch time 0.502 (0.739) Data time 0.001 (0.214) total_loss : 22.287, rec_loss : 7.833, geometry_consistency_loss : 0.000, fft_loss : 0.000, ssim_loss : 0.882, vo_loss : 4.487, vo_photo_loss : 0.141, vo_smooth_loss : 0.004, vo_geometry_loss : 0.005, vo_ssim_loss : 0.000, vo2radar_loss : 9.086
[K * Avg Loss : 22.287
[K  0% (0 of 3) |                          | Elapsed Time: 0:00:00 ETA:  --:--:--

[K 33% (1 of 3) |########                  | Elapsed Time: 0:00:00 ETA:   0:00:01

[Kvalid: Time 0.655 (0.655) Loss 8.9162 7.8381 0.0000 0.0000 0.8824 0.1958 0.1853 0.0037 0.0068 0.0000 (8.9162 7.8381 0.0000 0.0000 0.8824 0.1958 0.1853 0.0037 0.0068 0.0000)
[K 66% (2 of 3) |#################         | Elapsed Time: 0:00:00 ETA:   0:00:00

[K100% (3 of 3) |##########################| Elapsed Time: 0:00:01 ETA:  00:00:00

[K100% (3 of 3) |##########################| Elapsed Time: 0:00:01 ETA:  00:00:00

[K * Avg total_loss : 8.900, rec_loss : 7.858, geometry_consistency_loss : 0.000, fft_loss : 0.000, ssim_loss : 0.884, vo_loss : 0.157, vo_photo_loss : 0.147, vo_smooth_loss : 0.004, vo_geometry_loss : 0.006, vo_ssim_loss : 0.000
[K * Avg Loss : 8.900
[K 82% (165 of 200) |##################    | Elapsed Time: 0:12:12 ETA:   0:02:35

[K  0% (0 of 3) |                          | Elapsed Time: 0:00:00 ETA:  --:--:--

[K 33% (1 of 3) |########                  | Elapsed Time: 0:00:01 ETA:   0:00:02

[K 66% (2 of 3) |#################         | Elapsed Time: 0:00:01 ETA:   0:00:00

[K100% (3 of 3) |##########################| Elapsed Time: 0:00:02 ETA:  00:00:00

[K * Avg Loss : 22.160
[K  0% (0 of 3) |                          | Elapsed Time: 0:00:00 ETA:  --:--:--

[K 33% (1 of 3) |########                  | Elapsed Time: 0:00:01 ETA:   0:00:02

[Kvalid: Time 1.085 (1.085) Loss 8.9164 7.8377 0.0000 0.0000 0.8823 0.1964 0.1862 0.0037 0.0065 0.0000 (8.9164 7.8377 0.0000 0.0000 0.8823 0.1964 0.1862 0.0037 0.0065 0.0000)
[K 66% (2 of 3) |#################         | Elapsed Time: 0:00:01 ETA:   0:00:00

[K100% (3 of 3) |##########################| Elapsed Time: 0:00:01 ETA:  00:00:00

[K100% (3 of 3) |##########################| Elapsed Time: 0:00:01 ETA:  00:00:00

[K * Avg total_loss : 8.901, rec_loss : 7.859, geometry_consistency_loss : 0.000, fft_loss : 0.000, ssim_loss : 0.885, vo_loss : 0.157, vo_photo_loss : 0.147, vo_smooth_loss : 0.004, vo_geometry_loss : 0.007, vo_ssim_loss : 0.000
[K * Avg Loss : 8.901
[K 83% (166 of 200) |##################    | Elapsed Time: 0:12:16 ETA:   0:02:30

[K  0% (0 of 3) |                          | Elapsed Time: 0:00:00 ETA:  --:--:--

[K 33% (1 of 3) |########                  | Elapsed Time: 0:00:01 ETA:   0:00:02

[K 66% (2 of 3) |#################         | Elapsed Time: 0:00:01 ETA:   0:00:00

[K100% (3 of 3) |##########################| Elapsed Time: 0:00:02 ETA:  00:00:00

[K * Avg Loss : 22.303
[K  0% (0 of 3) |                          | Elapsed Time: 0:00:00 ETA:  --:--:--

[K 33% (1 of 3) |########                  | Elapsed Time: 0:00:01 ETA:   0:00:02

[Kvalid: Time 1.048 (1.048) Loss 8.9171 7.8393 0.0000 0.0000 0.8825 0.1952 0.1853 0.0038 0.0062 0.0000 (8.9171 7.8393 0.0000 0.0000 0.8825 0.1952 0.1853 0.0038 0.0062 0.0000)
[K 66% (2 of 3) |#################         | Elapsed Time: 0:00:01 ETA:   0:00:00

[K100% (3 of 3) |##########################| Elapsed Time: 0:00:01 ETA:  00:00:00

[K100% (3 of 3) |##########################| Elapsed Time: 0:00:01 ETA:  00:00:00

[K * Avg total_loss : 8.900, rec_loss : 7.860, geometry_consistency_loss : 0.000, fft_loss : 0.000, ssim_loss : 0.885, vo_loss : 0.155, vo_photo_loss : 0.146, vo_smooth_loss : 0.004, vo_geometry_loss : 0.005, vo_ssim_loss : 0.000
[K * Avg Loss : 8.900
[K 83% (167 of 200) |##################    | Elapsed Time: 0:12:21 ETA:   0:02:26

[K  0% (0 of 3) |                          | Elapsed Time: 0:00:00 ETA:  --:--:--

[K 33% (1 of 3) |########                  | Elapsed Time: 0:00:01 ETA:   0:00:02

[K 66% (2 of 3) |#################         | Elapsed Time: 0:00:01 ETA:   0:00:00

[K100% (3 of 3) |##########################| Elapsed Time: 0:00:02 ETA:  00:00:00

[K * Avg Loss : 22.289
[K  0% (0 of 3) |                          | Elapsed Time: 0:00:00 ETA:  --:--:--

[K 33% (1 of 3) |########                  | Elapsed Time: 0:00:00 ETA:   0:00:01

[Kvalid: Time 0.628 (0.628) Loss 8.9184 7.8401 0.0000 0.0000 0.8826 0.1957 0.1849 0.0037 0.0071 0.0000 (8.9184 7.8401 0.0000 0.0000 0.8826 0.1957 0.1849 0.0037 0.0071 0.0000)
[K 66% (2 of 3) |#################         | Elapsed Time: 0:00:00 ETA:   0:00:00

[K100% (3 of 3) |##########################| Elapsed Time: 0:00:01 ETA:  00:00:00

[K100% (3 of 3) |##########################| Elapsed Time: 0:00:01 ETA:  00:00:00

[K * Avg total_loss : 8.901, rec_loss : 7.860, geometry_consistency_loss : 0.000, fft_loss : 0.000, ssim_loss : 0.885, vo_loss : 0.157, vo_photo_loss : 0.147, vo_smooth_loss : 0.004, vo_geometry_loss : 0.007, vo_ssim_loss : 0.000
[K * Avg Loss : 8.901
[K 84% (168 of 200) |##################    | Elapsed Time: 0:12:25 ETA:   0:02:22

[K  0% (0 of 3) |                          | Elapsed Time: 0:00:00 ETA:  --:--:--

[K 33% (1 of 3) |########                  | Elapsed Time: 0:00:01 ETA:   0:00:02

[K 66% (2 of 3) |#################         | Elapsed Time: 0:00:01 ETA:   0:00:00

[K100% (3 of 3) |##########################| Elapsed Time: 0:00:02 ETA:  00:00:00

[K * Avg Loss : 22.211
[K  0% (0 of 3) |                          | Elapsed Time: 0:00:00 ETA:  --:--:--

[K 33% (1 of 3) |########                  | Elapsed Time: 0:00:01 ETA:   0:00:02

[Kvalid: Time 1.038 (1.038) Loss 8.9146 7.8365 0.0000 0.0000 0.8822 0.1959 0.1859 0.0038 0.0063 0.0000 (8.9146 7.8365 0.0000 0.0000 0.8822 0.1959 0.1859 0.0038 0.0063 0.0000)
[K 66% (2 of 3) |#################         | Elapsed Time: 0:00:01 ETA:   0:00:00

[K100% (3 of 3) |##########################| Elapsed Time: 0:00:01 ETA:  00:00:00

[K100% (3 of 3) |##########################| Elapsed Time: 0:00:01 ETA:  00:00:00

[K * Avg total_loss : 8.901, rec_loss : 7.859, geometry_consistency_loss : 0.000, fft_loss : 0.000, ssim_loss : 0.885, vo_loss : 0.157, vo_photo_loss : 0.148, vo_smooth_loss : 0.004, vo_geometry_loss : 0.006, vo_ssim_loss : 0.000
[K * Avg Loss : 8.901
[K 84% (169 of 200) |##################    | Elapsed Time: 0:12:29 ETA:   0:02:17

[K  0% (0 of 3) |                          | Elapsed Time: 0:00:00 ETA:  --:--:--

[K 33% (1 of 3) |########                  | Elapsed Time: 0:00:01 ETA:   0:00:02

[K 66% (2 of 3) |#################         | Elapsed Time: 0:00:01 ETA:   0:00:00

[K100% (3 of 3) |##########################| Elapsed Time: 0:00:02 ETA:  00:00:00

[KTrain: Batch time 0.497 (0.710) Data time 0.001 (0.198) total_loss : 22.159, rec_loss : 7.887, geometry_consistency_loss : 0.000, fft_loss : 0.000, ssim_loss : 0.888, vo_loss : 4.295, vo_photo_loss : 0.134, vo_smooth_loss : 0.004, vo_geometry_loss : 0.005, vo_ssim_loss : 0.000, vo2radar_loss : 9.089
[K * Avg Loss : 22.159
[K  0% (0 of 3) |                          | Elapsed Time: 0:00:00 ETA:  --:--:--

[K 33% (1 of 3) |########                  | Elapsed Time: 0:00:01 ETA:   0:00:02

[Kvalid: Time 1.117 (1.117) Loss 8.9162 7.8367 0.0000 0.0000 0.8822 0.1972 0.1865 0.0038 0.0070 0.0000 (8.9162 7.8367 0.0000 0.0000 0.8822 0.1972 0.1865 0.0038 0.0070 0.0000)
[K 66% (2 of 3) |#################         | Elapsed Time: 0:00:01 ETA:   0:00:00

[K100% (3 of 3) |##########################| Elapsed Time: 0:00:01 ETA:  00:00:00

[K100% (3 of 3) |##########################| Elapsed Time: 0:00:01 ETA:  00:00:00

[K * Avg total_loss : 8.899, rec_loss : 7.858, geometry_consistency_loss : 0.000, fft_loss : 0.000, ssim_loss : 0.884, vo_loss : 0.157, vo_photo_loss : 0.147, vo_smooth_loss : 0.004, vo_geometry_loss : 0.006, vo_ssim_loss : 0.000
[K * Avg Loss : 8.899
[K 85% (170 of 200) |##################    | Elapsed Time: 0:12:34 ETA:   0:02:13

[K  0% (0 of 3) |                          | Elapsed Time: 0:00:00 ETA:  --:--:--

[K 33% (1 of 3) |########                  | Elapsed Time: 0:00:01 ETA:   0:00:02

[K 66% (2 of 3) |#################         | Elapsed Time: 0:00:01 ETA:   0:00:00

[K100% (3 of 3) |##########################| Elapsed Time: 0:00:02 ETA:  00:00:00

[K * Avg Loss : 21.987
[K  0% (0 of 3) |                          | Elapsed Time: 0:00:00 ETA:  --:--:--

[K 33% (1 of 3) |########                  | Elapsed Time: 0:00:00 ETA:   0:00:01

[Kvalid: Time 0.678 (0.678) Loss 8.9162 7.8370 0.0000 0.0000 0.8822 0.1970 0.1868 0.0037 0.0065 0.0000 (8.9162 7.8370 0.0000 0.0000 0.8822 0.1970 0.1868 0.0037 0.0065 0.0000)
[K 66% (2 of 3) |#################         | Elapsed Time: 0:00:00 ETA:   0:00:00

[K100% (3 of 3) |##########################| Elapsed Time: 0:00:01 ETA:  00:00:00

[K100% (3 of 3) |##########################| Elapsed Time: 0:00:01 ETA:  00:00:00

[K * Avg total_loss : 8.901, rec_loss : 7.860, geometry_consistency_loss : 0.000, fft_loss : 0.000, ssim_loss : 0.885, vo_loss : 0.157, vo_photo_loss : 0.147, vo_smooth_loss : 0.004, vo_geometry_loss : 0.006, vo_ssim_loss : 0.000
[K * Avg Loss : 8.901
[K 85% (171 of 200) |##################    | Elapsed Time: 0:12:38 ETA:   0:02:08

[K  0% (0 of 3) |                          | Elapsed Time: 0:00:00 ETA:  --:--:--

[K 33% (1 of 3) |########                  | Elapsed Time: 0:00:01 ETA:   0:00:02

[K 66% (2 of 3) |#################         | Elapsed Time: 0:00:01 ETA:   0:00:00

[K100% (3 of 3) |##########################| Elapsed Time: 0:00:02 ETA:  00:00:00

[K * Avg Loss : 22.394
[K  0% (0 of 3) |                          | Elapsed Time: 0:00:00 ETA:  --:--:--

[K 33% (1 of 3) |########                  | Elapsed Time: 0:00:00 ETA:   0:00:01

[Kvalid: Time 0.631 (0.631) Loss 8.9183 7.8381 0.0000 0.0000 0.8824 0.1978 0.1876 0.0037 0.0066 0.0000 (8.9183 7.8381 0.0000 0.0000 0.8824 0.1978 0.1876 0.0037 0.0066 0.0000)
[K 66% (2 of 3) |#################         | Elapsed Time: 0:00:01 ETA:   0:00:00

[K100% (3 of 3) |##########################| Elapsed Time: 0:00:01 ETA:  00:00:00

[K100% (3 of 3) |##########################| Elapsed Time: 0:00:01 ETA:  00:00:00

[K * Avg total_loss : 8.902, rec_loss : 7.859, geometry_consistency_loss : 0.000, fft_loss : 0.000, ssim_loss : 0.885, vo_loss : 0.158, vo_photo_loss : 0.148, vo_smooth_loss : 0.004, vo_geometry_loss : 0.006, vo_ssim_loss : 0.000
[K * Avg Loss : 8.902
[K 86% (172 of 200) |##################    | Elapsed Time: 0:12:43 ETA:   0:02:04

[K  0% (0 of 3) |                          | Elapsed Time: 0:00:00 ETA:  --:--:--

[K 33% (1 of 3) |########                  | Elapsed Time: 0:00:01 ETA:   0:00:02

[K 66% (2 of 3) |#################         | Elapsed Time: 0:00:01 ETA:   0:00:00

[K100% (3 of 3) |##########################| Elapsed Time: 0:00:02 ETA:  00:00:00

[K * Avg Loss : 22.214
[K  0% (0 of 3) |                          | Elapsed Time: 0:00:00 ETA:  --:--:--

[K 33% (1 of 3) |########                  | Elapsed Time: 0:00:00 ETA:   0:00:01

[Kvalid: Time 0.616 (0.616) Loss 8.9163 7.8388 0.0000 0.0000 0.8824 0.1951 0.1863 0.0039 0.0049 0.0000 (8.9163 7.8388 0.0000 0.0000 0.8824 0.1951 0.1863 0.0039 0.0049 0.0000)
[K 66% (2 of 3) |#################         | Elapsed Time: 0:00:01 ETA:   0:00:00

[K100% (3 of 3) |##########################| Elapsed Time: 0:00:01 ETA:  00:00:00

[K100% (3 of 3) |##########################| Elapsed Time: 0:00:01 ETA:  00:00:00

[K * Avg total_loss : 8.901, rec_loss : 7.860, geometry_consistency_loss : 0.000, fft_loss : 0.000, ssim_loss : 0.885, vo_loss : 0.156, vo_photo_loss : 0.147, vo_smooth_loss : 0.004, vo_geometry_loss : 0.005, vo_ssim_loss : 0.000
[K * Avg Loss : 8.901
[K 86% (173 of 200) |###################   | Elapsed Time: 0:12:47 ETA:   0:01:59

[K  0% (0 of 3) |                          | Elapsed Time: 0:00:00 ETA:  --:--:--

[K 33% (1 of 3) |########                  | Elapsed Time: 0:00:01 ETA:   0:00:02

[K 66% (2 of 3) |#################         | Elapsed Time: 0:00:01 ETA:   0:00:00

[K100% (3 of 3) |##########################| Elapsed Time: 0:00:02 ETA:  00:00:00

[K * Avg Loss : 22.184
[K  0% (0 of 3) |                          | Elapsed Time: 0:00:00 ETA:  --:--:--

[K 33% (1 of 3) |########                  | Elapsed Time: 0:00:00 ETA:   0:00:01

[Kvalid: Time 0.606 (0.606) Loss 8.9155 7.8366 0.0000 0.0000 0.8822 0.1968 0.1868 0.0036 0.0063 0.0000 (8.9155 7.8366 0.0000 0.0000 0.8822 0.1968 0.1868 0.0036 0.0063 0.0000)
[K 66% (2 of 3) |#################         | Elapsed Time: 0:00:00 ETA:   0:00:00

[K100% (3 of 3) |##########################| Elapsed Time: 0:00:01 ETA:  00:00:00

[K100% (3 of 3) |##########################| Elapsed Time: 0:00:01 ETA:  00:00:00

[K * Avg total_loss : 8.900, rec_loss : 7.858, geometry_consistency_loss : 0.000, fft_loss : 0.000, ssim_loss : 0.885, vo_loss : 0.157, vo_photo_loss : 0.147, vo_smooth_loss : 0.004, vo_geometry_loss : 0.006, vo_ssim_loss : 0.000
[K * Avg Loss : 8.900
[K 87% (174 of 200) |###################   | Elapsed Time: 0:12:51 ETA:   0:01:55

[K  0% (0 of 3) |                          | Elapsed Time: 0:00:00 ETA:  --:--:--

[K 33% (1 of 3) |########                  | Elapsed Time: 0:00:01 ETA:   0:00:02

[K 66% (2 of 3) |#################         | Elapsed Time: 0:00:01 ETA:   0:00:00

[K100% (3 of 3) |##########################| Elapsed Time: 0:00:02 ETA:  00:00:00

[KTrain: Batch time 0.480 (0.703) Data time 0.002 (0.202) total_loss : 22.161, rec_loss : 7.863, geometry_consistency_loss : 0.000, fft_loss : 0.000, ssim_loss : 0.885, vo_loss : 4.325, vo_photo_loss : 0.135, vo_smooth_loss : 0.004, vo_geometry_loss : 0.005, vo_ssim_loss : 0.000, vo2radar_loss : 9.088
[K * Avg Loss : 22.161
[K  0% (0 of 3) |                          | Elapsed Time: 0:00:00 ETA:  --:--:--

[K 33% (1 of 3) |########                  | Elapsed Time: 0:00:01 ETA:   0:00:02

[Kvalid: Time 1.022 (1.022) Loss 8.9144 7.8361 0.0000 0.0000 0.8821 0.1962 0.1859 0.0038 0.0064 0.0000 (8.9144 7.8361 0.0000 0.0000 0.8821 0.1962 0.1859 0.0038 0.0064 0.0000)
[K 66% (2 of 3) |#################         | Elapsed Time: 0:00:01 ETA:   0:00:00

[K100% (3 of 3) |##########################| Elapsed Time: 0:00:01 ETA:  00:00:00

[K100% (3 of 3) |##########################| Elapsed Time: 0:00:01 ETA:  00:00:00

[K * Avg total_loss : 8.901, rec_loss : 7.859, geometry_consistency_loss : 0.000, fft_loss : 0.000, ssim_loss : 0.885, vo_loss : 0.158, vo_photo_loss : 0.148, vo_smooth_loss : 0.004, vo_geometry_loss : 0.006, vo_ssim_loss : 0.000
[K * Avg Loss : 8.901
[K 87% (175 of 200) |###################   | Elapsed Time: 0:12:56 ETA:   0:01:50

[K  0% (0 of 3) |                          | Elapsed Time: 0:00:00 ETA:  --:--:--

[K 33% (1 of 3) |########                  | Elapsed Time: 0:00:01 ETA:   0:00:02

[K 66% (2 of 3) |#################         | Elapsed Time: 0:00:01 ETA:   0:00:00

[K100% (3 of 3) |##########################| Elapsed Time: 0:00:02 ETA:  00:00:00

[K * Avg Loss : 22.473
[K  0% (0 of 3) |                          | Elapsed Time: 0:00:00 ETA:  --:--:--

[K 33% (1 of 3) |########                  | Elapsed Time: 0:00:01 ETA:   0:00:02

[Kvalid: Time 1.034 (1.034) Loss 8.9153 7.8391 0.0000 0.0000 0.8825 0.1937 0.1839 0.0037 0.0061 0.0000 (8.9153 7.8391 0.0000 0.0000 0.8825 0.1937 0.1839 0.0037 0.0061 0.0000)
[K 66% (2 of 3) |#################         | Elapsed Time: 0:00:01 ETA:   0:00:00

[K100% (3 of 3) |##########################| Elapsed Time: 0:00:01 ETA:  00:00:00

[K100% (3 of 3) |##########################| Elapsed Time: 0:00:01 ETA:  00:00:00

[K * Avg total_loss : 8.899, rec_loss : 7.859, geometry_consistency_loss : 0.000, fft_loss : 0.000, ssim_loss : 0.885, vo_loss : 0.155, vo_photo_loss : 0.146, vo_smooth_loss : 0.004, vo_geometry_loss : 0.005, vo_ssim_loss : 0.000
[K * Avg Loss : 8.899
[K 88% (176 of 200) |###################   | Elapsed Time: 0:13:00 ETA:   0:01:46

[K  0% (0 of 3) |                          | Elapsed Time: 0:00:00 ETA:  --:--:--

[K 33% (1 of 3) |########                  | Elapsed Time: 0:00:01 ETA:   0:00:02

[K 66% (2 of 3) |#################         | Elapsed Time: 0:00:01 ETA:   0:00:00

[K100% (3 of 3) |##########################| Elapsed Time: 0:00:02 ETA:  00:00:00

[K * Avg Loss : 22.217
[K  0% (0 of 3) |                          | Elapsed Time: 0:00:00 ETA:  --:--:--

[K 33% (1 of 3) |########                  | Elapsed Time: 0:00:01 ETA:   0:00:02

[Kvalid: Time 1.036 (1.036) Loss 8.9129 7.8370 0.0000 0.0000 0.8822 0.1936 0.1840 0.0038 0.0058 0.0000 (8.9129 7.8370 0.0000 0.0000 0.8822 0.1936 0.1840 0.0038 0.0058 0.0000)
[K 66% (2 of 3) |#################         | Elapsed Time: 0:00:01 ETA:   0:00:00

[K100% (3 of 3) |##########################| Elapsed Time: 0:00:01 ETA:  00:00:00

[K100% (3 of 3) |##########################| Elapsed Time: 0:00:01 ETA:  00:00:00

[K * Avg total_loss : 8.898, rec_loss : 7.858, geometry_consistency_loss : 0.000, fft_loss : 0.000, ssim_loss : 0.884, vo_loss : 0.156, vo_photo_loss : 0.147, vo_smooth_loss : 0.004, vo_geometry_loss : 0.005, vo_ssim_loss : 0.000
[K * Avg Loss : 8.898
[K 88% (177 of 200) |###################   | Elapsed Time: 0:13:04 ETA:   0:01:41

[K  0% (0 of 3) |                          | Elapsed Time: 0:00:00 ETA:  --:--:--

[K 33% (1 of 3) |########                  | Elapsed Time: 0:00:01 ETA:   0:00:02

[K 66% (2 of 3) |#################         | Elapsed Time: 0:00:01 ETA:   0:00:00

[K100% (3 of 3) |##########################| Elapsed Time: 0:00:02 ETA:  00:00:00

[K * Avg Loss : 22.562
[K  0% (0 of 3) |                          | Elapsed Time: 0:00:00 ETA:  --:--:--

[K 33% (1 of 3) |########                  | Elapsed Time: 0:00:00 ETA:   0:00:01

[Kvalid: Time 0.644 (0.644) Loss 8.9169 7.8387 0.0000 0.0000 0.8824 0.1957 0.1853 0.0038 0.0067 0.0000 (8.9169 7.8387 0.0000 0.0000 0.8824 0.1957 0.1853 0.0038 0.0067 0.0000)
[K 66% (2 of 3) |#################         | Elapsed Time: 0:00:00 ETA:   0:00:00

[K100% (3 of 3) |##########################| Elapsed Time: 0:00:01 ETA:  00:00:00

[K100% (3 of 3) |##########################| Elapsed Time: 0:00:01 ETA:  00:00:00

[K * Avg total_loss : 8.902, rec_loss : 7.859, geometry_consistency_loss : 0.000, fft_loss : 0.000, ssim_loss : 0.885, vo_loss : 0.158, vo_photo_loss : 0.148, vo_smooth_loss : 0.004, vo_geometry_loss : 0.006, vo_ssim_loss : 0.000
[K * Avg Loss : 8.902
[K 89% (178 of 200) |###################   | Elapsed Time: 0:13:08 ETA:   0:01:37

[K  0% (0 of 3) |                          | Elapsed Time: 0:00:00 ETA:  --:--:--

[K 33% (1 of 3) |########                  | Elapsed Time: 0:00:01 ETA:   0:00:02

[K 66% (2 of 3) |#################         | Elapsed Time: 0:00:01 ETA:   0:00:00

[K100% (3 of 3) |##########################| Elapsed Time: 0:00:02 ETA:  00:00:00

[K * Avg Loss : 22.221
[K  0% (0 of 3) |                          | Elapsed Time: 0:00:00 ETA:  --:--:--

[K 33% (1 of 3) |########                  | Elapsed Time: 0:00:00 ETA:   0:00:01

[Kvalid: Time 0.629 (0.629) Loss 8.9152 7.8373 0.0000 0.0000 0.8823 0.1957 0.1860 0.0037 0.0060 0.0000 (8.9152 7.8373 0.0000 0.0000 0.8823 0.1957 0.1860 0.0037 0.0060 0.0000)
[K 66% (2 of 3) |#################         | Elapsed Time: 0:00:01 ETA:   0:00:00

[K100% (3 of 3) |##########################| Elapsed Time: 0:00:01 ETA:  00:00:00

[K100% (3 of 3) |##########################| Elapsed Time: 0:00:01 ETA:  00:00:00

[K * Avg total_loss : 8.900, rec_loss : 7.859, geometry_consistency_loss : 0.000, fft_loss : 0.000, ssim_loss : 0.885, vo_loss : 0.156, vo_photo_loss : 0.147, vo_smooth_loss : 0.004, vo_geometry_loss : 0.005, vo_ssim_loss : 0.000
[K * Avg Loss : 8.900
[K 89% (179 of 200) |###################   | Elapsed Time: 0:13:12 ETA:   0:01:33

[K  0% (0 of 3) |                          | Elapsed Time: 0:00:00 ETA:  --:--:--

[K 33% (1 of 3) |########                  | Elapsed Time: 0:00:01 ETA:   0:00:02

[K 66% (2 of 3) |#################         | Elapsed Time: 0:00:01 ETA:   0:00:00

[K100% (3 of 3) |##########################| Elapsed Time: 0:00:02 ETA:  00:00:00

[KTrain: Batch time 0.481 (0.703) Data time 0.002 (0.196) total_loss : 22.170, rec_loss : 7.874, geometry_consistency_loss : 0.000, fft_loss : 0.000, ssim_loss : 0.886, vo_loss : 4.319, vo_photo_loss : 0.135, vo_smooth_loss : 0.004, vo_geometry_loss : 0.005, vo_ssim_loss : 0.000, vo2radar_loss : 9.091
[K * Avg Loss : 22.170
[K  0% (0 of 3) |                          | Elapsed Time: 0:00:00 ETA:  --:--:--

[K 33% (1 of 3) |########                  | Elapsed Time: 0:00:01 ETA:   0:00:02

[Kvalid: Time 1.018 (1.018) Loss 8.9142 7.8360 0.0000 0.0000 0.8821 0.1961 0.1864 0.0038 0.0060 0.0000 (8.9142 7.8360 0.0000 0.0000 0.8821 0.1961 0.1864 0.0038 0.0060 0.0000)
[K 66% (2 of 3) |#################         | Elapsed Time: 0:00:01 ETA:   0:00:00

[K100% (3 of 3) |##########################| Elapsed Time: 0:00:01 ETA:  00:00:00

[K100% (3 of 3) |##########################| Elapsed Time: 0:00:01 ETA:  00:00:00

[K * Avg total_loss : 8.900, rec_loss : 7.859, geometry_consistency_loss : 0.000, fft_loss : 0.000, ssim_loss : 0.885, vo_loss : 0.156, vo_photo_loss : 0.147, vo_smooth_loss : 0.004, vo_geometry_loss : 0.006, vo_ssim_loss : 0.000
[K * Avg Loss : 8.900
[K 90% (180 of 200) |###################   | Elapsed Time: 0:13:17 ETA:   0:01:28

[K  0% (0 of 3) |                          | Elapsed Time: 0:00:00 ETA:  --:--:--

[K 33% (1 of 3) |########                  | Elapsed Time: 0:00:01 ETA:   0:00:02

[K 66% (2 of 3) |#################         | Elapsed Time: 0:00:01 ETA:   0:00:00

[K100% (3 of 3) |##########################| Elapsed Time: 0:00:02 ETA:  00:00:00

[K * Avg Loss : 22.124
[K  0% (0 of 3) |                          | Elapsed Time: 0:00:00 ETA:  --:--:--

[K 33% (1 of 3) |########                  | Elapsed Time: 0:00:01 ETA:   0:00:02

[Kvalid: Time 1.059 (1.059) Loss 8.9191 7.8386 0.0000 0.0000 0.8824 0.1981 0.1880 0.0037 0.0064 0.0000 (8.9191 7.8386 0.0000 0.0000 0.8824 0.1981 0.1880 0.0037 0.0064 0.0000)
[K 66% (2 of 3) |#################         | Elapsed Time: 0:00:01 ETA:   0:00:00

[K100% (3 of 3) |##########################| Elapsed Time: 0:00:01 ETA:  00:00:00

[K100% (3 of 3) |##########################| Elapsed Time: 0:00:01 ETA:  00:00:00

[K * Avg total_loss : 8.902, rec_loss : 7.860, geometry_consistency_loss : 0.000, fft_loss : 0.000, ssim_loss : 0.885, vo_loss : 0.158, vo_photo_loss : 0.148, vo_smooth_loss : 0.004, vo_geometry_loss : 0.007, vo_ssim_loss : 0.000
[K * Avg Loss : 8.902
[K 90% (181 of 200) |###################   | Elapsed Time: 0:13:21 ETA:   0:01:24

[K  0% (0 of 3) |                          | Elapsed Time: 0:00:00 ETA:  --:--:--

[K 33% (1 of 3) |########                  | Elapsed Time: 0:00:01 ETA:   0:00:02

[K 66% (2 of 3) |#################         | Elapsed Time: 0:00:01 ETA:   0:00:00

[K100% (3 of 3) |##########################| Elapsed Time: 0:00:02 ETA:  00:00:00

[K * Avg Loss : 22.428
[K  0% (0 of 3) |                          | Elapsed Time: 0:00:00 ETA:  --:--:--

[K 33% (1 of 3) |########                  | Elapsed Time: 0:00:00 ETA:   0:00:01

[Kvalid: Time 0.624 (0.624) Loss 8.9147 7.8372 0.0000 0.0000 0.8823 0.1952 0.1856 0.0038 0.0058 0.0000 (8.9147 7.8372 0.0000 0.0000 0.8823 0.1952 0.1856 0.0038 0.0058 0.0000)
[K 66% (2 of 3) |#################         | Elapsed Time: 0:00:01 ETA:   0:00:00

[K100% (3 of 3) |##########################| Elapsed Time: 0:00:01 ETA:  00:00:00

[K100% (3 of 3) |##########################| Elapsed Time: 0:00:01 ETA:  00:00:00

[K * Avg total_loss : 8.898, rec_loss : 7.858, geometry_consistency_loss : 0.000, fft_loss : 0.000, ssim_loss : 0.884, vo_loss : 0.156, vo_photo_loss : 0.146, vo_smooth_loss : 0.004, vo_geometry_loss : 0.005, vo_ssim_loss : 0.000
[K * Avg Loss : 8.898
[K 91% (182 of 200) |####################  | Elapsed Time: 0:13:25 ETA:   0:01:19

[K  0% (0 of 3) |                          | Elapsed Time: 0:00:00 ETA:  --:--:--

[K 33% (1 of 3) |########                  | Elapsed Time: 0:00:01 ETA:   0:00:02

[K 66% (2 of 3) |#################         | Elapsed Time: 0:00:01 ETA:   0:00:00

[K100% (3 of 3) |##########################| Elapsed Time: 0:00:02 ETA:  00:00:00

[K * Avg Loss : 22.185
[K  0% (0 of 3) |                          | Elapsed Time: 0:00:00 ETA:  --:--:--

[K 33% (1 of 3) |########                  | Elapsed Time: 0:00:01 ETA:   0:00:02

[Kvalid: Time 1.077 (1.077) Loss 8.9167 7.8396 0.0000 0.0000 0.8825 0.1946 0.1846 0.0038 0.0062 0.0000 (8.9167 7.8396 0.0000 0.0000 0.8825 0.1946 0.1846 0.0038 0.0062 0.0000)
[K 66% (2 of 3) |#################         | Elapsed Time: 0:00:01 ETA:   0:00:00

[K100% (3 of 3) |##########################| Elapsed Time: 0:00:01 ETA:  00:00:00

[K100% (3 of 3) |##########################| Elapsed Time: 0:00:01 ETA:  00:00:00

[K * Avg total_loss : 8.900, rec_loss : 7.859, geometry_consistency_loss : 0.000, fft_loss : 0.000, ssim_loss : 0.885, vo_loss : 0.156, vo_photo_loss : 0.147, vo_smooth_loss : 0.004, vo_geometry_loss : 0.006, vo_ssim_loss : 0.000
[K * Avg Loss : 8.900
[K 91% (183 of 200) |####################  | Elapsed Time: 0:13:30 ETA:   0:01:15

[K  0% (0 of 3) |                          | Elapsed Time: 0:00:00 ETA:  --:--:--

[K 33% (1 of 3) |########                  | Elapsed Time: 0:00:01 ETA:   0:00:02

[K 66% (2 of 3) |#################         | Elapsed Time: 0:00:01 ETA:   0:00:00

[K100% (3 of 3) |##########################| Elapsed Time: 0:00:02 ETA:  00:00:00

[K * Avg Loss : 22.035
[K  0% (0 of 3) |                          | Elapsed Time: 0:00:00 ETA:  --:--:--

[K 33% (1 of 3) |########                  | Elapsed Time: 0:00:01 ETA:   0:00:02

[Kvalid: Time 1.097 (1.097) Loss 8.9176 7.8384 0.0000 0.0000 0.8824 0.1968 0.1869 0.0036 0.0063 0.0000 (8.9176 7.8384 0.0000 0.0000 0.8824 0.1968 0.1869 0.0036 0.0063 0.0000)
[K 66% (2 of 3) |#################         | Elapsed Time: 0:00:01 ETA:   0:00:00

[K100% (3 of 3) |##########################| Elapsed Time: 0:00:01 ETA:  00:00:00

[K100% (3 of 3) |##########################| Elapsed Time: 0:00:01 ETA:  00:00:00

[K * Avg total_loss : 8.902, rec_loss : 7.860, geometry_consistency_loss : 0.000, fft_loss : 0.000, ssim_loss : 0.885, vo_loss : 0.157, vo_photo_loss : 0.147, vo_smooth_loss : 0.004, vo_geometry_loss : 0.006, vo_ssim_loss : 0.000
[K * Avg Loss : 8.902
[K 92% (184 of 200) |####################  | Elapsed Time: 0:13:34 ETA:   0:01:10

[K  0% (0 of 3) |                          | Elapsed Time: 0:00:00 ETA:  --:--:--

[K 33% (1 of 3) |########                  | Elapsed Time: 0:00:01 ETA:   0:00:02

[K 66% (2 of 3) |#################         | Elapsed Time: 0:00:01 ETA:   0:00:00

[K100% (3 of 3) |##########################| Elapsed Time: 0:00:02 ETA:  00:00:00

[KTrain: Batch time 0.499 (0.702) Data time 0.002 (0.196) total_loss : 22.378, rec_loss : 7.888, geometry_consistency_loss : 0.000, fft_loss : 0.000, ssim_loss : 0.888, vo_loss : 4.509, vo_photo_loss : 0.141, vo_smooth_loss : 0.004, vo_geometry_loss : 0.005, vo_ssim_loss : 0.000, vo2radar_loss : 9.093
[K * Avg Loss : 22.378
[K  0% (0 of 3) |                          | Elapsed Time: 0:00:00 ETA:  --:--:--

[K 33% (1 of 3) |########                  | Elapsed Time: 0:00:00 ETA:   0:00:01

[Kvalid: Time 0.619 (0.619) Loss 8.9174 7.8388 0.0000 0.0000 0.8824 0.1962 0.1860 0.0039 0.0063 0.0000 (8.9174 7.8388 0.0000 0.0000 0.8824 0.1962 0.1860 0.0039 0.0063 0.0000)
[K 66% (2 of 3) |#################         | Elapsed Time: 0:00:00 ETA:   0:00:00

[K100% (3 of 3) |##########################| Elapsed Time: 0:00:01 ETA:  00:00:00

[K100% (3 of 3) |##########################| Elapsed Time: 0:00:01 ETA:  00:00:00

[K * Avg total_loss : 8.901, rec_loss : 7.859, geometry_consistency_loss : 0.000, fft_loss : 0.000, ssim_loss : 0.885, vo_loss : 0.157, vo_photo_loss : 0.147, vo_smooth_loss : 0.004, vo_geometry_loss : 0.006, vo_ssim_loss : 0.000
[K * Avg Loss : 8.901
[K 92% (185 of 200) |####################  | Elapsed Time: 0:13:39 ETA:   0:01:06

[K  0% (0 of 3) |                          | Elapsed Time: 0:00:00 ETA:  --:--:--

[K 33% (1 of 3) |########                  | Elapsed Time: 0:00:01 ETA:   0:00:02

[K 66% (2 of 3) |#################         | Elapsed Time: 0:00:01 ETA:   0:00:00

[K100% (3 of 3) |##########################| Elapsed Time: 0:00:02 ETA:  00:00:00

[K * Avg Loss : 22.442
[K  0% (0 of 3) |                          | Elapsed Time: 0:00:00 ETA:  --:--:--

[K 33% (1 of 3) |########                  | Elapsed Time: 0:00:00 ETA:   0:00:01

[Kvalid: Time 0.645 (0.645) Loss 8.9203 7.8393 0.0000 0.0000 0.8825 0.1985 0.1887 0.0037 0.0060 0.0000 (8.9203 7.8393 0.0000 0.0000 0.8825 0.1985 0.1887 0.0037 0.0060 0.0000)
[K 66% (2 of 3) |#################         | Elapsed Time: 0:00:00 ETA:   0:00:00

[K100% (3 of 3) |##########################| Elapsed Time: 0:00:01 ETA:  00:00:00

[K100% (3 of 3) |##########################| Elapsed Time: 0:00:01 ETA:  00:00:00

[K * Avg total_loss : 8.901, rec_loss : 7.860, geometry_consistency_loss : 0.000, fft_loss : 0.000, ssim_loss : 0.885, vo_loss : 0.157, vo_photo_loss : 0.148, vo_smooth_loss : 0.004, vo_geometry_loss : 0.006, vo_ssim_loss : 0.000
[K * Avg Loss : 8.901
[K 93% (186 of 200) |####################  | Elapsed Time: 0:13:43 ETA:   0:01:01

[K  0% (0 of 3) |                          | Elapsed Time: 0:00:00 ETA:  --:--:--

[K 33% (1 of 3) |########                  | Elapsed Time: 0:00:01 ETA:   0:00:02

[K 66% (2 of 3) |#################         | Elapsed Time: 0:00:01 ETA:   0:00:00

[K100% (3 of 3) |##########################| Elapsed Time: 0:00:02 ETA:  00:00:00

[K * Avg Loss : 22.238
[K  0% (0 of 3) |                          | Elapsed Time: 0:00:00 ETA:  --:--:--

[K 33% (1 of 3) |########                  | Elapsed Time: 0:00:00 ETA:   0:00:01

[Kvalid: Time 0.635 (0.635) Loss 8.9197 7.8400 0.0000 0.0000 0.8826 0.1971 0.1869 0.0039 0.0064 0.0000 (8.9197 7.8400 0.0000 0.0000 0.8826 0.1971 0.1869 0.0039 0.0064 0.0000)
[K 66% (2 of 3) |#################         | Elapsed Time: 0:00:01 ETA:   0:00:00

[K100% (3 of 3) |##########################| Elapsed Time: 0:00:01 ETA:  00:00:00

[K100% (3 of 3) |##########################| Elapsed Time: 0:00:01 ETA:  00:00:00

[K * Avg total_loss : 8.901, rec_loss : 7.860, geometry_consistency_loss : 0.000, fft_loss : 0.000, ssim_loss : 0.885, vo_loss : 0.156, vo_photo_loss : 0.147, vo_smooth_loss : 0.004, vo_geometry_loss : 0.006, vo_ssim_loss : 0.000
[K * Avg Loss : 8.901
[K 93% (187 of 200) |####################  | Elapsed Time: 0:13:47 ETA:   0:00:57

[K  0% (0 of 3) |                          | Elapsed Time: 0:00:00 ETA:  --:--:--

[K 33% (1 of 3) |########                  | Elapsed Time: 0:00:01 ETA:   0:00:02

[K 66% (2 of 3) |#################         | Elapsed Time: 0:00:01 ETA:   0:00:00

[K100% (3 of 3) |##########################| Elapsed Time: 0:00:02 ETA:  00:00:00

[K * Avg Loss : 22.148
[K  0% (0 of 3) |                          | Elapsed Time: 0:00:00 ETA:  --:--:--

[K 33% (1 of 3) |########                  | Elapsed Time: 0:00:01 ETA:   0:00:02

[Kvalid: Time 1.038 (1.038) Loss 8.9162 7.8383 0.0000 0.0000 0.8824 0.1956 0.1862 0.0037 0.0056 0.0000 (8.9162 7.8383 0.0000 0.0000 0.8824 0.1956 0.1862 0.0037 0.0056 0.0000)
[K 66% (2 of 3) |#################         | Elapsed Time: 0:00:01 ETA:   0:00:00

[K100% (3 of 3) |##########################| Elapsed Time: 0:00:01 ETA:  00:00:00

[K100% (3 of 3) |##########################| Elapsed Time: 0:00:01 ETA:  00:00:00

[K * Avg total_loss : 8.899, rec_loss : 7.859, geometry_consistency_loss : 0.000, fft_loss : 0.000, ssim_loss : 0.885, vo_loss : 0.155, vo_photo_loss : 0.146, vo_smooth_loss : 0.004, vo_geometry_loss : 0.005, vo_ssim_loss : 0.000
[K * Avg Loss : 8.899
[K 94% (188 of 200) |####################  | Elapsed Time: 0:13:51 ETA:   0:00:53

[K  0% (0 of 3) |                          | Elapsed Time: 0:00:00 ETA:  --:--:--

[K 33% (1 of 3) |########                  | Elapsed Time: 0:00:01 ETA:   0:00:02

[K 66% (2 of 3) |#################         | Elapsed Time: 0:00:01 ETA:   0:00:00

[K100% (3 of 3) |##########################| Elapsed Time: 0:00:02 ETA:  00:00:00

[K * Avg Loss : 22.264
[K  0% (0 of 3) |                          | Elapsed Time: 0:00:00 ETA:  --:--:--

[K 33% (1 of 3) |########                  | Elapsed Time: 0:00:00 ETA:   0:00:01

[Kvalid: Time 0.596 (0.596) Loss 8.9160 7.8384 0.0000 0.0000 0.8824 0.1953 0.1857 0.0038 0.0058 0.0000 (8.9160 7.8384 0.0000 0.0000 0.8824 0.1953 0.1857 0.0038 0.0058 0.0000)
[K 66% (2 of 3) |#################         | Elapsed Time: 0:00:01 ETA:   0:00:00

[K100% (3 of 3) |##########################| Elapsed Time: 0:00:01 ETA:  00:00:00

[K100% (3 of 3) |##########################| Elapsed Time: 0:00:01 ETA:  00:00:00

[K * Avg total_loss : 8.900, rec_loss : 7.859, geometry_consistency_loss : 0.000, fft_loss : 0.000, ssim_loss : 0.885, vo_loss : 0.156, vo_photo_loss : 0.147, vo_smooth_loss : 0.004, vo_geometry_loss : 0.005, vo_ssim_loss : 0.000
[K * Avg Loss : 8.900
[K 94% (189 of 200) |####################  | Elapsed Time: 0:13:56 ETA:   0:00:48

[K  0% (0 of 3) |                          | Elapsed Time: 0:00:00 ETA:  --:--:--

[K 33% (1 of 3) |########                  | Elapsed Time: 0:00:01 ETA:   0:00:02

[K 66% (2 of 3) |#################         | Elapsed Time: 0:00:01 ETA:   0:00:00

[K100% (3 of 3) |##########################| Elapsed Time: 0:00:02 ETA:  00:00:00

[KTrain: Batch time 0.501 (0.716) Data time 0.001 (0.196) total_loss : 22.141, rec_loss : 7.842, geometry_consistency_loss : 0.000, fft_loss : 0.000, ssim_loss : 0.883, vo_loss : 4.325, vo_photo_loss : 0.135, vo_smooth_loss : 0.004, vo_geometry_loss : 0.005, vo_ssim_loss : 0.000, vo2radar_loss : 9.091
[K * Avg Loss : 22.141
[K  0% (0 of 3) |                          | Elapsed Time: 0:00:00 ETA:  --:--:--

[K 33% (1 of 3) |########                  | Elapsed Time: 0:00:01 ETA:   0:00:02

[Kvalid: Time 1.039 (1.039) Loss 8.9201 7.8386 0.0000 0.0000 0.8824 0.1990 0.1891 0.0038 0.0061 0.0000 (8.9201 7.8386 0.0000 0.0000 0.8824 0.1990 0.1891 0.0038 0.0061 0.0000)
[K 66% (2 of 3) |#################         | Elapsed Time: 0:00:01 ETA:   0:00:00

[K100% (3 of 3) |##########################| Elapsed Time: 0:00:01 ETA:  00:00:00

[K100% (3 of 3) |##########################| Elapsed Time: 0:00:01 ETA:  00:00:00

[K * Avg total_loss : 8.903, rec_loss : 7.860, geometry_consistency_loss : 0.000, fft_loss : 0.000, ssim_loss : 0.885, vo_loss : 0.158, vo_photo_loss : 0.149, vo_smooth_loss : 0.004, vo_geometry_loss : 0.006, vo_ssim_loss : 0.000
[K * Avg Loss : 8.903
[K 95% (190 of 200) |####################  | Elapsed Time: 0:14:00 ETA:   0:00:44

[K  0% (0 of 3) |                          | Elapsed Time: 0:00:00 ETA:  --:--:--

[K 33% (1 of 3) |########                  | Elapsed Time: 0:00:01 ETA:   0:00:02

[K 66% (2 of 3) |#################         | Elapsed Time: 0:00:01 ETA:   0:00:00

[K100% (3 of 3) |##########################| Elapsed Time: 0:00:02 ETA:  00:00:00

[K * Avg Loss : 22.207
[K  0% (0 of 3) |                          | Elapsed Time: 0:00:00 ETA:  --:--:--

[K 33% (1 of 3) |########                  | Elapsed Time: 0:00:01 ETA:   0:00:02

[Kvalid: Time 1.009 (1.009) Loss 8.9166 7.8380 0.0000 0.0000 0.8824 0.1962 0.1864 0.0039 0.0060 0.0000 (8.9166 7.8380 0.0000 0.0000 0.8824 0.1962 0.1864 0.0039 0.0060 0.0000)
[K 66% (2 of 3) |#################         | Elapsed Time: 0:00:01 ETA:   0:00:00

[K100% (3 of 3) |##########################| Elapsed Time: 0:00:01 ETA:  00:00:00

[K100% (3 of 3) |##########################| Elapsed Time: 0:00:01 ETA:  00:00:00

[K * Avg total_loss : 8.900, rec_loss : 7.858, geometry_consistency_loss : 0.000, fft_loss : 0.000, ssim_loss : 0.884, vo_loss : 0.158, vo_photo_loss : 0.148, vo_smooth_loss : 0.004, vo_geometry_loss : 0.006, vo_ssim_loss : 0.000
[K * Avg Loss : 8.900
[K 95% (191 of 200) |##################### | Elapsed Time: 0:14:04 ETA:   0:00:39

[K  0% (0 of 3) |                          | Elapsed Time: 0:00:00 ETA:  --:--:--

[K 33% (1 of 3) |########                  | Elapsed Time: 0:00:01 ETA:   0:00:02

[K 66% (2 of 3) |#################         | Elapsed Time: 0:00:01 ETA:   0:00:00

[K100% (3 of 3) |##########################| Elapsed Time: 0:00:02 ETA:  00:00:00

[K * Avg Loss : 22.370
[K  0% (0 of 3) |                          | Elapsed Time: 0:00:00 ETA:  --:--:--

[K 33% (1 of 3) |########                  | Elapsed Time: 0:00:00 ETA:   0:00:01

[Kvalid: Time 0.622 (0.622) Loss 8.9177 7.8385 0.0000 0.0000 0.8824 0.1968 0.1859 0.0036 0.0072 0.0000 (8.9177 7.8385 0.0000 0.0000 0.8824 0.1968 0.1859 0.0036 0.0072 0.0000)
[K 66% (2 of 3) |#################         | Elapsed Time: 0:00:00 ETA:   0:00:00

[K100% (3 of 3) |##########################| Elapsed Time: 0:00:01 ETA:  00:00:00

[K100% (3 of 3) |##########################| Elapsed Time: 0:00:01 ETA:  00:00:00

[K * Avg total_loss : 8.901, rec_loss : 7.859, geometry_consistency_loss : 0.000, fft_loss : 0.000, ssim_loss : 0.885, vo_loss : 0.158, vo_photo_loss : 0.147, vo_smooth_loss : 0.004, vo_geometry_loss : 0.007, vo_ssim_loss : 0.000
[K * Avg Loss : 8.901
[K 96% (192 of 200) |##################### | Elapsed Time: 0:14:09 ETA:   0:00:35

[K  0% (0 of 3) |                          | Elapsed Time: 0:00:00 ETA:  --:--:--

[K 33% (1 of 3) |########                  | Elapsed Time: 0:00:01 ETA:   0:00:02

[K 66% (2 of 3) |#################         | Elapsed Time: 0:00:01 ETA:   0:00:00

[K100% (3 of 3) |##########################| Elapsed Time: 0:00:02 ETA:  00:00:00

[K * Avg Loss : 22.168
[K  0% (0 of 3) |                          | Elapsed Time: 0:00:00 ETA:  --:--:--

[K 33% (1 of 3) |########                  | Elapsed Time: 0:00:00 ETA:   0:00:01

[Kvalid: Time 0.609 (0.609) Loss 8.9163 7.8387 0.0000 0.0000 0.8824 0.1952 0.1860 0.0038 0.0053 0.0000 (8.9163 7.8387 0.0000 0.0000 0.8824 0.1952 0.1860 0.0038 0.0053 0.0000)
[K 66% (2 of 3) |#################         | Elapsed Time: 0:00:00 ETA:   0:00:00

[K100% (3 of 3) |##########################| Elapsed Time: 0:00:01 ETA:  00:00:00

[K100% (3 of 3) |##########################| Elapsed Time: 0:00:01 ETA:  00:00:00

[K * Avg total_loss : 8.899, rec_loss : 7.858, geometry_consistency_loss : 0.000, fft_loss : 0.000, ssim_loss : 0.885, vo_loss : 0.156, vo_photo_loss : 0.147, vo_smooth_loss : 0.004, vo_geometry_loss : 0.005, vo_ssim_loss : 0.000
[K * Avg Loss : 8.899
[K 96% (193 of 200) |##################### | Elapsed Time: 0:14:13 ETA:   0:00:30

[K  0% (0 of 3) |                          | Elapsed Time: 0:00:00 ETA:  --:--:--

[K 33% (1 of 3) |########                  | Elapsed Time: 0:00:01 ETA:   0:00:02

[K 66% (2 of 3) |#################         | Elapsed Time: 0:00:01 ETA:   0:00:00

[K100% (3 of 3) |##########################| Elapsed Time: 0:00:02 ETA:  00:00:00

[K * Avg Loss : 22.205
[K  0% (0 of 3) |                          | Elapsed Time: 0:00:00 ETA:  --:--:--

[K 33% (1 of 3) |########                  | Elapsed Time: 0:00:00 ETA:   0:00:01

[Kvalid: Time 0.647 (0.647) Loss 8.9212 7.8408 0.0000 0.0000 0.8827 0.1977 0.1878 0.0037 0.0061 0.0000 (8.9212 7.8408 0.0000 0.0000 0.8827 0.1977 0.1878 0.0037 0.0061 0.0000)
[K 66% (2 of 3) |#################         | Elapsed Time: 0:00:00 ETA:   0:00:00

[K100% (3 of 3) |##########################| Elapsed Time: 0:00:01 ETA:  00:00:00

[K100% (3 of 3) |##########################| Elapsed Time: 0:00:01 ETA:  00:00:00

[K * Avg total_loss : 8.902, rec_loss : 7.860, geometry_consistency_loss : 0.000, fft_loss : 0.000, ssim_loss : 0.885, vo_loss : 0.157, vo_photo_loss : 0.147, vo_smooth_loss : 0.004, vo_geometry_loss : 0.006, vo_ssim_loss : 0.000
[K * Avg Loss : 8.902
[K 97% (194 of 200) |##################### | Elapsed Time: 0:14:17 ETA:   0:00:26

[K  0% (0 of 3) |                          | Elapsed Time: 0:00:00 ETA:  --:--:--

[K 33% (1 of 3) |########                  | Elapsed Time: 0:00:01 ETA:   0:00:02

[K 66% (2 of 3) |#################         | Elapsed Time: 0:00:01 ETA:   0:00:00

[K100% (3 of 3) |##########################| Elapsed Time: 0:00:02 ETA:  00:00:00

[KTrain: Batch time 0.482 (0.688) Data time 0.002 (0.187) total_loss : 22.093, rec_loss : 7.876, geometry_consistency_loss : 0.000, fft_loss : 0.000, ssim_loss : 0.886, vo_loss : 4.245, vo_photo_loss : 0.132, vo_smooth_loss : 0.004, vo_geometry_loss : 0.005, vo_ssim_loss : 0.000, vo2radar_loss : 9.086
[K * Avg Loss : 22.093
[K  0% (0 of 3) |                          | Elapsed Time: 0:00:00 ETA:  --:--:--

[K 33% (1 of 3) |########                  | Elapsed Time: 0:00:01 ETA:   0:00:02

[Kvalid: Time 1.081 (1.081) Loss 8.9156 7.8370 0.0000 0.0000 0.8822 0.1963 0.1862 0.0038 0.0063 0.0000 (8.9156 7.8370 0.0000 0.0000 0.8822 0.1963 0.1862 0.0038 0.0063 0.0000)
[K 66% (2 of 3) |#################         | Elapsed Time: 0:00:01 ETA:   0:00:00

[K100% (3 of 3) |##########################| Elapsed Time: 0:00:01 ETA:  00:00:00

[K100% (3 of 3) |##########################| Elapsed Time: 0:00:01 ETA:  00:00:00

[K * Avg total_loss : 8.900, rec_loss : 7.859, geometry_consistency_loss : 0.000, fft_loss : 0.000, ssim_loss : 0.885, vo_loss : 0.157, vo_photo_loss : 0.147, vo_smooth_loss : 0.004, vo_geometry_loss : 0.006, vo_ssim_loss : 0.000
[K * Avg Loss : 8.900
[K 97% (195 of 200) |##################### | Elapsed Time: 0:14:22 ETA:   0:00:22

[K  0% (0 of 3) |                          | Elapsed Time: 0:00:00 ETA:  --:--:--

[K 33% (1 of 3) |########                  | Elapsed Time: 0:00:01 ETA:   0:00:02

[K 66% (2 of 3) |#################         | Elapsed Time: 0:00:01 ETA:   0:00:00

[K100% (3 of 3) |##########################| Elapsed Time: 0:00:02 ETA:  00:00:00

[K * Avg Loss : 22.280
[K  0% (0 of 3) |                          | Elapsed Time: 0:00:00 ETA:  --:--:--

[K 33% (1 of 3) |########                  | Elapsed Time: 0:00:00 ETA:   0:00:01

[Kvalid: Time 0.650 (0.650) Loss 8.9151 7.8367 0.0000 0.0000 0.8822 0.1963 0.1865 0.0038 0.0059 0.0000 (8.9151 7.8367 0.0000 0.0000 0.8822 0.1963 0.1865 0.0038 0.0059 0.0000)
[K 66% (2 of 3) |#################         | Elapsed Time: 0:00:01 ETA:   0:00:00

[K100% (3 of 3) |##########################| Elapsed Time: 0:00:01 ETA:  00:00:00

[K100% (3 of 3) |##########################| Elapsed Time: 0:00:01 ETA:  00:00:00

[K * Avg total_loss : 8.898, rec_loss : 7.858, geometry_consistency_loss : 0.000, fft_loss : 0.000, ssim_loss : 0.885, vo_loss : 0.156, vo_photo_loss : 0.146, vo_smooth_loss : 0.004, vo_geometry_loss : 0.005, vo_ssim_loss : 0.000
[K * Avg Loss : 8.898
[K 98% (196 of 200) |##################### | Elapsed Time: 0:14:26 ETA:   0:00:17

[K  0% (0 of 3) |                          | Elapsed Time: 0:00:00 ETA:  --:--:--

[K 33% (1 of 3) |########                  | Elapsed Time: 0:00:01 ETA:   0:00:02

[K 66% (2 of 3) |#################         | Elapsed Time: 0:00:01 ETA:   0:00:00

[K100% (3 of 3) |##########################| Elapsed Time: 0:00:02 ETA:  00:00:00

[K * Avg Loss : 22.367
[K  0% (0 of 3) |                          | Elapsed Time: 0:00:00 ETA:  --:--:--

[K 33% (1 of 3) |########                  | Elapsed Time: 0:00:01 ETA:   0:00:02

[Kvalid: Time 1.032 (1.032) Loss 8.9158 7.8360 0.0000 0.0000 0.8821 0.1977 0.1882 0.0039 0.0056 0.0000 (8.9158 7.8360 0.0000 0.0000 0.8821 0.1977 0.1882 0.0039 0.0056 0.0000)
[K 66% (2 of 3) |#################         | Elapsed Time: 0:00:01 ETA:   0:00:00

[K100% (3 of 3) |##########################| Elapsed Time: 0:00:01 ETA:  00:00:00

[K100% (3 of 3) |##########################| Elapsed Time: 0:00:01 ETA:  00:00:00

[K * Avg total_loss : 8.900, rec_loss : 7.858, geometry_consistency_loss : 0.000, fft_loss : 0.000, ssim_loss : 0.885, vo_loss : 0.157, vo_photo_loss : 0.148, vo_smooth_loss : 0.004, vo_geometry_loss : 0.005, vo_ssim_loss : 0.000
[K * Avg Loss : 8.900
[K 98% (197 of 200) |##################### | Elapsed Time: 0:14:30 ETA:   0:00:13

[K  0% (0 of 3) |                          | Elapsed Time: 0:00:00 ETA:  --:--:--

[K 33% (1 of 3) |########                  | Elapsed Time: 0:00:01 ETA:   0:00:02

[K 66% (2 of 3) |#################         | Elapsed Time: 0:00:01 ETA:   0:00:00

[K100% (3 of 3) |##########################| Elapsed Time: 0:00:02 ETA:  00:00:00

[K * Avg Loss : 22.305
[K  0% (0 of 3) |                          | Elapsed Time: 0:00:00 ETA:  --:--:--

[K 33% (1 of 3) |########                  | Elapsed Time: 0:00:00 ETA:   0:00:01

[Kvalid: Time 0.633 (0.633) Loss 8.9162 7.8371 0.0000 0.0000 0.8822 0.1968 0.1868 0.0037 0.0063 0.0000 (8.9162 7.8371 0.0000 0.0000 0.8822 0.1968 0.1868 0.0037 0.0063 0.0000)
[K 66% (2 of 3) |#################         | Elapsed Time: 0:00:00 ETA:   0:00:00

[K100% (3 of 3) |##########################| Elapsed Time: 0:00:01 ETA:  00:00:00

[K100% (3 of 3) |##########################| Elapsed Time: 0:00:01 ETA:  00:00:00

[K * Avg total_loss : 8.901, rec_loss : 7.859, geometry_consistency_loss : 0.000, fft_loss : 0.000, ssim_loss : 0.885, vo_loss : 0.157, vo_photo_loss : 0.147, vo_smooth_loss : 0.004, vo_geometry_loss : 0.006, vo_ssim_loss : 0.000
[K * Avg Loss : 8.901
[K 99% (198 of 200) |##################### | Elapsed Time: 0:14:35 ETA:   0:00:08

[K  0% (0 of 3) |                          | Elapsed Time: 0:00:00 ETA:  --:--:--

[K 33% (1 of 3) |########                  | Elapsed Time: 0:00:01 ETA:   0:00:02

[K 66% (2 of 3) |#################         | Elapsed Time: 0:00:01 ETA:   0:00:00

[K100% (3 of 3) |##########################| Elapsed Time: 0:00:02 ETA:  00:00:00

[K * Avg Loss : 22.236
[K  0% (0 of 3) |                          | Elapsed Time: 0:00:00 ETA:  --:--:--

[K 33% (1 of 3) |########                  | Elapsed Time: 0:00:00 ETA:   0:00:01

[Kvalid: Time 0.624 (0.624) Loss 8.9166 7.8374 0.0000 0.0000 0.8823 0.1969 0.1867 0.0039 0.0064 0.0000 (8.9166 7.8374 0.0000 0.0000 0.8823 0.1969 0.1867 0.0039 0.0064 0.0000)
[K 66% (2 of 3) |#################         | Elapsed Time: 0:00:00 ETA:   0:00:00

[K100% (3 of 3) |##########################| Elapsed Time: 0:00:01 ETA:  00:00:00

[K100% (3 of 3) |##########################| Elapsed Time: 0:00:01 ETA:  00:00:00

[K * Avg total_loss : 8.900, rec_loss : 7.858, geometry_consistency_loss : 0.000, fft_loss : 0.000, ssim_loss : 0.884, vo_loss : 0.157, vo_photo_loss : 0.148, vo_smooth_loss : 0.004, vo_geometry_loss : 0.006, vo_ssim_loss : 0.000
[K * Avg Loss : 8.900
[K 99% (199 of 200) |##################### | Elapsed Time: 0:14:39 ETA:   0:00:04

[K  0% (0 of 3) |                          | Elapsed Time: 0:00:00 ETA:  --:--:--

[K 33% (1 of 3) |########                  | Elapsed Time: 0:00:01 ETA:   0:00:02

[K 66% (2 of 3) |#################         | Elapsed Time: 0:00:01 ETA:   0:00:00

[K100% (3 of 3) |##########################| Elapsed Time: 0:00:02 ETA:  00:00:00

[KTrain: Batch time 0.520 (0.718) Data time 0.002 (0.194) total_loss : 22.212, rec_loss : 7.875, geometry_consistency_loss : 0.000, fft_loss : 0.000, ssim_loss : 0.887, vo_loss : 4.362, vo_photo_loss : 0.136, vo_smooth_loss : 0.004, vo_geometry_loss : 0.005, vo_ssim_loss : 0.000, vo2radar_loss : 9.089
[K * Avg Loss : 22.212
[K  0% (0 of 3) |                          | Elapsed Time: 0:00:00 ETA:  --:--:--

[K 33% (1 of 3) |########                  | Elapsed Time: 0:00:01 ETA:   0:00:02

[Kvalid: Time 1.046 (1.046) Loss 8.9178 7.8381 0.0000 0.0000 0.8824 0.1973 0.1869 0.0038 0.0065 0.0000 (8.9178 7.8381 0.0000 0.0000 0.8824 0.1973 0.1869 0.0038 0.0065 0.0000)
[K 66% (2 of 3) |#################         | Elapsed Time: 0:00:01 ETA:   0:00:00

[K100% (3 of 3) |##########################| Elapsed Time: 0:00:01 ETA:  00:00:00

[K100% (3 of 3) |##########################| Elapsed Time: 0:00:01 ETA:  00:00:00

[K * Avg total_loss : 8.901, rec_loss : 7.859, geometry_consistency_loss : 0.000, fft_loss : 0.000, ssim_loss : 0.885, vo_loss : 0.158, vo_photo_loss : 0.148, vo_smooth_loss : 0.004, vo_geometry_loss : 0.006, vo_ssim_loss : 0.000
[K * Avg Loss : 8.901
[K100% (200 of 200) |######################| Elapsed Time: 0:14:43 Time:  0:14:43

